NamaSPPG,Alamat,Tanggal Opsnal,Provinsi,wilayah,Nama Kepala,Nama Yayasan,Alamat_lengkap
SPPG  Kerinci Gunung Raya Lempur Tengah,"Jl. Raya Lempur Tengah Kecamatan Gunung Raya, Lempur Tengah, Gunung Raya, Kab. Kerinci, Jambi",01-09-2025,JAMBI,Wilayah I,Pujiana,,"Kerinci Gunung Raya Lempur Tengah Jl. Raya Lempur Tengah Kecamatan Gunung Raya, Lempur Tengah, Gunung Raya, Kab. Kerinci, Jambi JAMBI"
SPPG  Kerinci Kayu Aro Mekar Jaya,"Jl. Lintas Sungai Tanduk, Mekar RT 06",11-08-2025,JAMBI,Wilayah I,Devin Wiranda,,"Kerinci Kayu Aro Mekar Jaya Jl. Lintas Sungai Tanduk, Mekar RT 06 JAMBI"
SPPG  Merangin Margo Tabir Suko Rejo,"Jl. Poros Margoyoso Hitam Ulu Suko Rejo Rt. 04 Rw. 01 Desa Suko Rejo, Kecamatan Margo Tabir, Kabupaten Merangin Provinsi Jambi",24-09-2025,JAMBI,Wilayah I,Lutfia Nur Ihsani,,"Merangin Margo Tabir Suko Rejo Jl. Poros Margoyoso Hitam Ulu Suko Rejo Rt. 04 Rw. 01 Desa Suko Rejo, Kecamatan Margo Tabir, Kabupaten Merangin Provinsi Jambi JAMBI"
SPPG  Muaro Jambi Sungai Bahar Mekar Sari Makmur,"Simpang Yanto, RT 009, Desa Suka Makmur, Kecamatan Sungai Bahar, Kabupaten Muaro Jambi, Provinsi Jambi",21-08-2025,JAMBI,Wilayah I,Hardiansyah,,"Muaro Jambi Sungai Bahar Mekar Sari Makmur Simpang Yanto, RT 009, Desa Suka Makmur, Kecamatan Sungai Bahar, Kabupaten Muaro Jambi, Provinsi Jambi JAMBI"
SPPG  Rokan Hilir Bangko Pusako Bangko Permata,"Jl. Lintas Sumatera Km 7 Bangko Permata, Kec Bangko Pusako Rokan Hilir, Bangko Permata, Bangko Pusako, Kab. Rokan Hilir, Riau",12-09-2025,RIAU,Wilayah I,Dimas Malik Suryanda,,"Rokan Hilir Bangko Pusako Bangko Permata Jl. Lintas Sumatera Km 7 Bangko Permata, Kec Bangko Pusako Rokan Hilir, Bangko Permata, Bangko Pusako, Kab. Rokan Hilir, Riau RIAU"
SPPG  Rokan Hilir Tanah Putih Banjar XII 2,"Jl. Lintas Riau Sumut Kel. Banjar Xii Km 167 Kecamatan Tanah Putih Kabupaten Rohil, Riau",11-10-2025,RIAU,Wilayah I,Arie Aidil Fajar,,"Rokan Hilir Tanah Putih Banjar XII 2 Jl. Lintas Riau Sumut Kel. Banjar Xii Km 167 Kecamatan Tanah Putih Kabupaten Rohil, Riau RIAU"
SPPG  Rokan Hulu Tambusai Sungai Kumango,"Jl. Lintas Provinsi Riau-Sumatera Utara, Sungai Kumango, Kec. Tambusai, Kab. Rokan Hulu, Riau",07-10-2025,RIAU,Wilayah I,Manado Panjaitan,,"Rokan Hulu Tambusai Sungai Kumango Jl. Lintas Provinsi Riau-Sumatera Utara, Sungai Kumango, Kec. Tambusai, Kab. Rokan Hulu, Riau RIAU"
SPPG  Rokan Hulu Tambusai Utara Mahato,"Dusun XIV, Desa Suka Damai, Desa Mahato, RT 001/RW 001, Kecamatan Tambusai Utara, Kabupaten Rokan Hulu, Provinsi Riau",11-08-2025,RIAU,Wilayah I,Sugiati,,"Rokan Hulu Tambusai Utara Mahato Dusun XIV, Desa Suka Damai, Desa Mahato, RT 001/RW 001, Kecamatan Tambusai Utara, Kabupaten Rokan Hulu, Provinsi Riau RIAU"
SPPG  Rokan Hulu Tambusai Utara Mahato 2,"Jl. Poros Rantau Kasai Desa Mahato Km. 11 Kecamatan Tambusai Utara Kabupaten Rokan Hulu, Riau",06-10-2025,RIAU,Wilayah I,Asrol Fickri,,"Rokan Hulu Tambusai Utara Mahato 2 Jl. Poros Rantau Kasai Desa Mahato Km. 11 Kecamatan Tambusai Utara Kabupaten Rokan Hulu, Riau RIAU"
SPPG  Rokan Hulu Tandun Dayo,"Jl. Raya Bukit Suligi No.143 Dusun Tanjung Harapan Rt/Rw 005/001 Desa Dayo Kecamatan Tandun Kabupaten Rokan Hulu, Riau",30-09-2025,RIAU,Wilayah I,Herman Yosef Yakian Mendrofa,,"Rokan Hulu Tandun Dayo Jl. Raya Bukit Suligi No.143 Dusun Tanjung Harapan Rt/Rw 005/001 Desa Dayo Kecamatan Tandun Kabupaten Rokan Hulu, Riau RIAU"
SPPG  Rokan Hulu Tandun Tandun,"Jalan Lintas Riau, Desa Kukun, Kecamatan Tandun, Kabupaten Rokan Hulu, Provinsi Riau",11-08-2025,RIAU,Wilayah I,Niatul Istiana,,"Rokan Hulu Tandun Tandun Jalan Lintas Riau, Desa Kukun, Kecamatan Tandun, Kabupaten Rokan Hulu, Provinsi Riau RIAU"
SPPG Aceh Barat Daya Susoh Tangah,"Jl. Baru, Desa Tangah Kec, Susoh, Aceh Barat Daya, Tangah, Susoh, Kab. Aceh Barat Daya, Aceh",10-09-2025,ACEH,Wilayah I,Irwan Rizky,,"Aceh Barat Daya Susoh Tangah Jl. Baru, Desa Tangah Kec, Susoh, Aceh Barat Daya, Tangah, Susoh, Kab. Aceh Barat Daya, Aceh ACEH"
SPPG Aceh Barat Daya Tangan-Tangan Padang Bak Jeumpa,"Jl. Tapaktuan-Meulaboh. Desa Padang Bak Jeumpa. Kecamatan Tangan-Tangan. Kabupaten Aceh Barat Daya , Padang Bak Jeumpa, Tangan-Tangan, Kab. Aceh Barat Daya, Aceh",03-09-2025,ACEH,Wilayah I,Agus Fadly,,"Aceh Barat Daya Tangan-Tangan Padang Bak Jeumpa Jl. Tapaktuan-Meulaboh. Desa Padang Bak Jeumpa. Kecamatan Tangan-Tangan. Kabupaten Aceh Barat Daya , Padang Bak Jeumpa, Tangan-Tangan, Kab. Aceh Barat Daya, Aceh ACEH"
SPPG Aceh Besar Montasik Teubang Phui Mesjid,"Jl. Montasik Cot Goh Desa Teubang Phui Mesjid, Kec. Montasik, Kab. Aceh Besar Prov. Aceh, Teubang Phui Mesjid, Montasik, Kab. Aceh Besar, Aceh",19-09-2025,ACEH,Wilayah I,Andri Saputra,,"Aceh Besar Montasik Teubang Phui Mesjid Jl. Montasik Cot Goh Desa Teubang Phui Mesjid, Kec. Montasik, Kab. Aceh Besar Prov. Aceh, Teubang Phui Mesjid, Montasik, Kab. Aceh Besar, Aceh ACEH"
SPPG Aceh Selatan Labuhanhaji Tengah Baru,Jl. Nasional Tapaktuan-Meulaboh Gampong Tengah Baru Kec. Labuhan Haji Kabupaten Aceh Selatan.,13-09-2025,ACEH,Wilayah I,Wildan,,Aceh Selatan Labuhanhaji Tengah Baru Jl. Nasional Tapaktuan-Meulaboh Gampong Tengah Baru Kec. Labuhan Haji Kabupaten Aceh Selatan. ACEH
SPPG Aceh Selatan Meukek Lhok Aman,"Jl. Nasional Tapaktuan Meulaboh Desa Lhok Aman Kec Meukek Kab Aceh Selatan, Lhok Aman, Meukek, Kab. Aceh Selatan, Aceh",01-10-2025,ACEH,Wilayah I,Novri Yanda. S.T.,,"Aceh Selatan Meukek Lhok Aman Jl. Nasional Tapaktuan Meulaboh Desa Lhok Aman Kec Meukek Kab Aceh Selatan, Lhok Aman, Meukek, Kab. Aceh Selatan, Aceh ACEH"
SPPG Aceh Tengah Bebesen Simpang IV,Lorong Petue Kucak Desa Simpang Empat Reje Bukit Kecamatan Bebesen Kabupaten Aceh Tengah,25-09-2025,ACEH,Wilayah I,Muhammad Ghazie Makhmud,,Aceh Tengah Bebesen Simpang IV Lorong Petue Kucak Desa Simpang Empat Reje Bukit Kecamatan Bebesen Kabupaten Aceh Tengah ACEH
SPPG Aceh Tengah Bies Simpang Uning Niken,"Desa Uning Niken, Kecamatan Bies, Kabupaten Aceh Tengah, Kode Pos 24561, Provinsi Aceh",23-08-2025,ACEH,Wilayah I,Mahara Miko,,"Aceh Tengah Bies Simpang Uning Niken Desa Uning Niken, Kecamatan Bies, Kabupaten Aceh Tengah, Kode Pos 24561, Provinsi Aceh ACEH"
SPPG Aceh Tengah Kebayakan Pinangan,"lr.Pengulu Bersah Dusun Prumnas Pinangan Desa Pinangan,Kec.Kebayakan,Kab.Aceh Tengah,Prov.Aceh",04-10-2025,ACEH,Wilayah I,Ilham Firmanda,,"Aceh Tengah Kebayakan Pinangan lr.Pengulu Bersah Dusun Prumnas Pinangan Desa Pinangan,Kec.Kebayakan,Kab.Aceh Tengah,Prov.Aceh ACEH"
SPPG Aceh Tengah Pegasing Gelelungi,Jl. Takengon-Atu Lintang Desa Gelelungi Kecamatan Pegasing Kabupaten Aceh Tengah,26-08-2025,ACEH,Wilayah I,Najla` Mafirja,,Aceh Tengah Pegasing Gelelungi Jl. Takengon-Atu Lintang Desa Gelelungi Kecamatan Pegasing Kabupaten Aceh Tengah ACEH
SPPG Aceh Timur Idi Rayeuk Keude Blang,"Jl. Idi Keude Blang Desa Keude Blang Kec. Idi Rayeuk Kab. Aceh Timur, Keude Blang, Idi Rayeuk, Kab. Aceh Timur, Aceh",08-09-2025,ACEH,Wilayah I,Abdi Mulya,,"Aceh Timur Idi Rayeuk Keude Blang Jl. Idi Keude Blang Desa Keude Blang Kec. Idi Rayeuk Kab. Aceh Timur, Keude Blang, Idi Rayeuk, Kab. Aceh Timur, Aceh ACEH"
SPPG Aceh Timur Peunaron Peunaron Baru,"Jl. Peu.reulak - Blang Kejeren, Dusun Harapan Jaya, Desa
Peunaron Baru, Kecamatan Peunaron, Kabupaten Aceh Timur,
Peunaron Baru, Peunaron, Kab. Aceh Timur, Aceh",08-09-2025,ACEH,Wilayah I,Firdaus,,"Aceh Timur Peunaron Peunaron Baru Jl. Peu.reulak - Blang Kejeren, Dusun Harapan Jaya, Desa
Peunaron Baru, Kecamatan Peunaron, Kabupaten Aceh Timur,
Peunaron Baru, Peunaron, Kab. Aceh Timur, Aceh ACEH"
SPPG Aceh Timur Peureulak Uteun Dama,"Desa Leuge Kec. Peureulak Kab. Aceh Timur Prov. Aceh, Leuge, Peureulak, Kab. Aceh Timur, Aceh",08-09-2025,ACEH,Wilayah I,Juriadi,,"Aceh Timur Peureulak Uteun Dama Desa Leuge Kec. Peureulak Kab. Aceh Timur Prov. Aceh, Leuge, Peureulak, Kab. Aceh Timur, Aceh ACEH"
SPPG Aceh Utara Dewantara Paloh Igeuh,"Jalan Elak, Paloh Igeuh, Kecamatan Dewantara, Kabupaten Aceh Utara, Provinsi Aceh",23-08-2025,ACEH,Wilayah I,Rizqan Sabena Putera,,"Aceh Utara Dewantara Paloh Igeuh Jalan Elak, Paloh Igeuh, Kecamatan Dewantara, Kabupaten Aceh Utara, Provinsi Aceh ACEH"
SPPG Aceh Utara Seunuddon Matang Karieng,"Jl. Pante Breuh Ulee Rubek, Desa Matang Karieng, Kecamatan Seunuddon, Kabupaten Aceh Utara",17-02-2025,ACEH,Wilayah I,"Muhammad Sayuti, S.Sos",Yayasan Nasabe Pangan Bergizi,"Aceh Utara Seunuddon Matang Karieng Jl. Pante Breuh Ulee Rubek, Desa Matang Karieng, Kecamatan Seunuddon, Kabupaten Aceh Utara ACEH"
SPPG Aceh Utara Syamtalira Aron Keude Teupin Punti,"Jl. Hakim Krueng, Lorong Paya Pawang, Gampong Mesjid Teupin Punti, Kecamatan Syamtalira Aron, Kabupaten Aceh Utara, Aceh",11-10-2025,ACEH,Wilayah I,Arief Maulana,,"Aceh Utara Syamtalira Aron Keude Teupin Punti Jl. Hakim Krueng, Lorong Paya Pawang, Gampong Mesjid Teupin Punti, Kecamatan Syamtalira Aron, Kabupaten Aceh Utara, Aceh ACEH"
SPPG Agam Tanjung Raya Maninjau,Jl. Padang Lua Maninjau No 23 Kelurahan Desa Maninjau Kecamatan Tanjung Raya Kabupaten Agam Sumatera Barat,25-09-2025,SUMATERA BARAT,Wilayah I,Fachrul Rozi,,Agam Tanjung Raya Maninjau Jl. Padang Lua Maninjau No 23 Kelurahan Desa Maninjau Kecamatan Tanjung Raya Kabupaten Agam Sumatera Barat SUMATERA BARAT
SPPG Alor Alor Timur Laut Nailang,"Sidongkomang RT.008/ RW.004. Desa Nailang, Kecamatan Alor Timur Laut. Alor - NTT",18-08-2025,NUSA TENGGARA TIMUR,Wilayah III,Maria Petronela Kamengmai,,"Alor Alor Timur Laut Nailang Sidongkomang RT.008/ RW.004. Desa Nailang, Kecamatan Alor Timur Laut. Alor - NTT NUSA TENGGARA TIMUR"
SPPG Asahan Sei Dadap Sei Alim Hasak 2,"`Dusun I Kel. Sei Alim Asak, Kec. Sei Dadap, Kab. Asahan, Sumut , Sei Alim Hasak, Sei Dadap, Kab. Asahan, Sumatera Utara`",29-08-2025,SUMATERA UTARA,Wilayah I,Novi Ismaliza Siregar,,"Asahan Sei Dadap Sei Alim Hasak 2 `Dusun I Kel. Sei Alim Asak, Kec. Sei Dadap, Kab. Asahan, Sumut , Sei Alim Hasak, Sei Dadap, Kab. Asahan, Sumatera Utara` SUMATERA UTARA"
SPPG Asmat Agats Bis Agats,"Jl. Mimika, Samping Puskesmas Agats, Desa Bis Agats, Kecamatan Agats, Kabupaten Asmat, Provinsi Papua",17-10-2025,PAPUA SELATAN,Wilayah III,Halima Sadat,,"Asmat Agats Bis Agats Jl. Mimika, Samping Puskesmas Agats, Desa Bis Agats, Kecamatan Agats, Kabupaten Asmat, Provinsi Papua PAPUA SELATAN"
SPPG Bandung Barat Cipongkor Cijenuk,"Kampung Pasirteureup Rt.002/Rw.003, Desa Cijenuk, Kec. Cipongkor, Kab. Bandung Barat",28-09-2025,JAWA BARAT,Wilayah II,Yusuf Hidayatulloh,,"Bandung Barat Cipongkor Cijenuk Kampung Pasirteureup Rt.002/Rw.003, Desa Cijenuk, Kec. Cipongkor, Kab. Bandung Barat JAWA BARAT"
SPPG Bandung Cicalengka Narawita,Kampung Cilame Rt 01/ Rw 13 Ds. Narawita Kec. Cicalengka Kab. Bandung  Kode Pos,17-09-2025,JAWA BARAT,Wilayah II,Luky Apriyana Mahesa,,Bandung Cicalengka Narawita Kampung Cilame Rt 01/ Rw 13 Ds. Narawita Kec. Cicalengka Kab. Bandung  Kode Pos JAWA BARAT
SPPG Bandung Pasirjambu Cukanggenteng,"Jl. Raya Soreang Ciwidey Km 27 Rt 04 Rw 01, Desa Cukanggenteng, Kec. Pasirjambu, Kab Bandung, Jawa&amp;amp;amp;amp;amp;amp;nbsp;Barat. 40972",01-09-2025,JAWA BARAT,Wilayah II,Bagas Dwi Nugroho,,"Bandung Pasirjambu Cukanggenteng Jl. Raya Soreang Ciwidey Km 27 Rt 04 Rw 01, Desa Cukanggenteng, Kec. Pasirjambu, Kab Bandung, Jawa&amp;amp;amp;amp;amp;amp;nbsp;Barat. 40972 JAWA BARAT"
SPPG Bandung Rancaekek Rancaekek Wetan,JL. Nusa Indah Raya No. 57 B Rt 04 Rw 21 Desa Rancaekek Wetan Kec Rancaekek Kab.&amp;amp;amp;amp;amp;amp;amp;amp;amp;amp;nbsp;Bandung&amp;amp;amp;amp;amp;amp;amp;amp;amp;amp;nbsp;Jawa Barat 40394,13-01-2025,JAWA BARAT,Wilayah II,Shifa Aulia,Yayasan Buana Insan Madani,Bandung Rancaekek Rancaekek Wetan JL. Nusa Indah Raya No. 57 B Rt 04 Rw 21 Desa Rancaekek Wetan Kec Rancaekek Kab.&amp;amp;amp;amp;amp;amp;amp;amp;amp;amp;nbsp;Bandung&amp;amp;amp;amp;amp;amp;amp;amp;amp;amp;nbsp;Jawa Barat 40394 JAWA BARAT
SPPG Banggai Laut Banggai Dodung,"Jalan R Tadja No.2, Dodung, Kecamatan Banggai, Kabupaten Banggai Laut, Sulawesi Tengah, DODUNG, BANGGAI, KAB. BANGGAI LAUT, SULAWESI TENGAH",19-08-2025,SULAWESI TENGAH,Wilayah III,Trisno,,"Banggai Laut Banggai Dodung Jalan R Tadja No.2, Dodung, Kecamatan Banggai, Kabupaten Banggai Laut, Sulawesi Tengah, DODUNG, BANGGAI, KAB. BANGGAI LAUT, SULAWESI TENGAH SULAWESI TENGAH"
SPPG Banggai Toili Barat Bukit Makarti,"Jl. Trans Sulawesi RT 001 RW 001, Desa Bukit Makarti, Kecamatan Toili Barat, Kabupaten Banggai, Provinsi Sulawesi Tengah",22-09-2025,SULAWESI TENGAH,Wilayah III,Ferry Aprizal,,"Banggai Toili Barat Bukit Makarti Jl. Trans Sulawesi RT 001 RW 001, Desa Bukit Makarti, Kecamatan Toili Barat, Kabupaten Banggai, Provinsi Sulawesi Tengah SULAWESI TENGAH"
SPPG Banggai Toili Cendana,"Jalan Poros Jaya Kencana (Samping Bank BRI Unit 10), Kelurahan Cendana, Kecamatan Toili, Kabupaten Banggai, Provinsi Sulawesi Tengah",19-08-2025,SULAWESI TENGAH,Wilayah III,Shella Annisa Brianthy,,"Banggai Toili Cendana Jalan Poros Jaya Kencana (Samping Bank BRI Unit 10), Kelurahan Cendana, Kecamatan Toili, Kabupaten Banggai, Provinsi Sulawesi Tengah SULAWESI TENGAH"
SPPG Bangkalan Burneh Alaskembang,"Dusun Kampek Barat, Desa Alaskembang, Kecamatan Burneh, Kabpuaten Bangkalan, Jawa Timur",18-09-2025,JAWA TIMUR,Wilayah II,Adli Dzil Ikram,,"Bangkalan Burneh Alaskembang Dusun Kampek Barat, Desa Alaskembang, Kecamatan Burneh, Kabpuaten Bangkalan, Jawa Timur JAWA TIMUR"
SPPG Bangkalan Kokop Durjan,Jl. Raya Bamasar Desa Durjan Kecamatan Kokop Kabupaten Bangkalan Provinsi Jawa Timur,23-09-2025,JAWA TIMUR,Wilayah II,Rauzah,,Bangkalan Kokop Durjan Jl. Raya Bamasar Desa Durjan Kecamatan Kokop Kabupaten Bangkalan Provinsi Jawa Timur JAWA TIMUR
SPPG Bangkalan Kokop Tlokoh,"Dusun Tlokoh Onjur RT 000/RW 000, Desa Tlokoh, Kecamatan Kokop, Kabupaten Bangkalan, Provinsi Jawa Timur 69155",29-07-2025,JAWA TIMUR,Wilayah II,Ismail,,"Bangkalan Kokop Tlokoh Dusun Tlokoh Onjur RT 000/RW 000, Desa Tlokoh, Kecamatan Kokop, Kabupaten Bangkalan, Provinsi Jawa Timur 69155 JAWA TIMUR"
SPPG Bangli Bangli Cempaga,"Jl. Tamansari, Banjar Sidembunut, Kelurahan Cempaga, Kecamatan Bangli, Kabupaten Bangli, Cempaga, Bangli, Kab. Bangli, Bali",02-09-2025,BALI,Wilayah III,Liestia Nur Afifah,,"Bangli Bangli Cempaga Jl. Tamansari, Banjar Sidembunut, Kelurahan Cempaga, Kecamatan Bangli, Kabupaten Bangli, Cempaga, Bangli, Kab. Bangli, Bali BALI"
SPPG Banjarnegara Batur Bakal,"Jl. Ds Dsn 2 Kp Desa Bakal Rt 001 Rw 002 Kec Batur Kab Banjarnegara Jateng, Bakal, Batur, Kab. Banjarnegara, Jawa Tengah",23-09-2025,JAWA TENGAH,Wilayah II,Faza Ainun Naufal,,"Banjarnegara Batur Bakal Jl. Ds Dsn 2 Kp Desa Bakal Rt 001 Rw 002 Kec Batur Kab Banjarnegara Jateng, Bakal, Batur, Kab. Banjarnegara, Jawa Tengah JAWA TENGAH"
SPPG Banjarnegara Mandiraja Mandiraja Wetan,"Dusun Krajan, Rt 05/02, Desa Mandiraja Wetan, Kec. Mandiraja, Banjarnegara Jawa Tengah , Mandiraja Wetan, Mandiraja, Kab. Banjarnegara, Jawa Tengah",03-09-2025,JAWA TENGAH,Wilayah II,Muammar Yasir Husain,,"Banjarnegara Mandiraja Mandiraja Wetan Dusun Krajan, Rt 05/02, Desa Mandiraja Wetan, Kec. Mandiraja, Banjarnegara Jawa Tengah , Mandiraja Wetan, Mandiraja, Kab. Banjarnegara, Jawa Tengah JAWA TENGAH"
SPPG Banjarnegara Purwanegara Karanganyar,"Dusun Karang Anyar, Rt 02/03, Desa Karang Anyar, Kecamatan Purwanegara, Kabupaten Banjarnegara, Jawa Tengah",13-10-2025,JAWA TENGAH,Wilayah II,Januar Bagas Wijanarko,,"Banjarnegara Purwanegara Karanganyar Dusun Karang Anyar, Rt 02/03, Desa Karang Anyar, Kecamatan Purwanegara, Kabupaten Banjarnegara, Jawa Tengah JAWA TENGAH"
SPPG Banjarnegara Wanadadi Linggasari,"Dusun Linggamerta, RT002  RW 001, Desa Linggasari, Kecamatan Wanadadi, Kabupaten Banjarnegara, Provinsi Jawa Tengah",23-06-2025,JAWA TENGAH,Wilayah II,Indra Setiawan,Yayasan Pikas Edu Kreata,"Banjarnegara Wanadadi Linggasari Dusun Linggamerta, RT002  RW 001, Desa Linggasari, Kecamatan Wanadadi, Kabupaten Banjarnegara, Provinsi Jawa Tengah JAWA TENGAH"
SPPG Bantaeng Pajukukang Pa`jukukang,"Jalan Pemukiman Kampung Toa, Desa Rappoa, Kecamatan Pajukukukang, Kabupaten Bantaeng",19-08-2025,SULAWESI SELATAN,Wilayah III,"Muh Ihsan Hidayat. B.,S.Pt",,"Bantaeng Pajukukang Pa`jukukang Jalan Pemukiman Kampung Toa, Desa Rappoa, Kecamatan Pajukukukang, Kabupaten Bantaeng SULAWESI SELATAN"
SPPG Banyuwangi Banyuwangi Pakis,"Jl Nuri No 49 RT 003/ RW 002 Lingk. Krajan, Kelurahan Pakis, Kecamatan Banyuwangi, Kabupaten Banyuwangi, Provinsi Jawa Timur",29-07-2025,JAWA TIMUR,Wilayah II,Dafi Azka Banurella Zhuhri,,"Banyuwangi Banyuwangi Pakis Jl Nuri No 49 RT 003/ RW 002 Lingk. Krajan, Kelurahan Pakis, Kecamatan Banyuwangi, Kabupaten Banyuwangi, Provinsi Jawa Timur JAWA TIMUR"
SPPG Banyuwangi Genteng Kaligondo,Desa kaligondo desun wadung dolah rt/rw 17/05,25-07-2025,JAWA TIMUR,Wilayah II,Ilham wahyudi,Yayasan Sosial Babul Huda Kaligondo,Banyuwangi Genteng Kaligondo Desa kaligondo desun wadung dolah rt/rw 17/05 JAWA TIMUR
SPPG Banyuwangi Siliragung Siliragung,"SPPG Forum Kyai Kampung Banyuwangi RT 004/RW 004, Dusun Krajan, Desa Siliragung, Kecamatan Siliragung, Kabupaten Banyuwangi, Provinsi Jawa Timur",31-07-2025,JAWA TIMUR,Wilayah II,Satria Aris Wahyugo,,"Banyuwangi Siliragung Siliragung  Forum Kyai Kampung Banyuwangi RT 004/RW 004, Dusun Krajan, Desa Siliragung, Kecamatan Siliragung, Kabupaten Banyuwangi, Provinsi Jawa Timur JAWA TIMUR"
SPPG Banyuwangi Siliragung Siliragung 2,"Dusun Krajan RT 01/RW 04, Dusun Siliragung, Kecamatan Siliragung, Kabupaten Banyuwangi, Provinsi Jawa Timur",24-08-2025,JAWA TIMUR,Wilayah II,Mohamad Yahya Rosuli,,"Banyuwangi Siliragung Siliragung 2 Dusun Krajan RT 01/RW 04, Dusun Siliragung, Kecamatan Siliragung, Kabupaten Banyuwangi, Provinsi Jawa Timur JAWA TIMUR"
SPPG Barito Timur Dusun Tengah Ampah Kota 2,"Jl. Ampah Muara Teweh Rt 36 Kelurahan Ampah Kota, Kec : Dusun Tengah, Kab: Barito Timur, Ampah Kota, Dusun Tengah, Kabupaten Barito Timur, Kalimantan Tengah",20-09-2025,KALIMANTAN TENGAH,Wilayah III,Eni Dia,,"Barito Timur Dusun Tengah Ampah Kota 2 Jl. Ampah Muara Teweh Rt 36 Kelurahan Ampah Kota, Kec : Dusun Tengah, Kab: Barito Timur, Ampah Kota, Dusun Tengah, Kabupaten Barito Timur, Kalimantan Tengah KALIMANTAN TENGAH"
SPPG Batang Batang Karangasem Utara,"Bangunsari Barat, RT01 RW04, Proyonanggan Tengah, Batang",17-03-2025,JAWA TENGAH,Wilayah II,Muhammad Sigit Prasetyo,,"Batang Batang Karangasem Utara Bangunsari Barat, RT01 RW04, Proyonanggan Tengah, Batang JAWA TENGAH"
SPPG Batanghari Pemayung Jembatan Mas,"Jalan Jambi-Muara Bulian KM 37 RT 10, Kelurahan Jembatan Mas, Kecamatan Pemayung, Kabupaten Batang Hari, Provinsi Jambi",22-08-2025,JAMBI,Wilayah I,Tanti Cintya Fadilla,,"Batanghari Pemayung Jembatan Mas Jalan Jambi-Muara Bulian KM 37 RT 10, Kelurahan Jembatan Mas, Kecamatan Pemayung, Kabupaten Batang Hari, Provinsi Jambi JAMBI"
SPPG Batanghari Pemayung Lopak Aur,"Jl. Lintas Jambi Muaro Bulian Rt05 Desa Lopak Aur, Kec. Pemayung, Kab. Batang Hari, Provinsi Jambi",19-09-2025,JAMBI,Wilayah I,Oji Saputra,,"Batanghari Pemayung Lopak Aur Jl. Lintas Jambi Muaro Bulian Rt05 Desa Lopak Aur, Kec. Pemayung, Kab. Batang Hari, Provinsi Jambi JAMBI"
SPPG Batu Bara Air Putih Indrasakti,"JL. LINTAS MEDAN - ASAHAN, KELURAHAN INDRASAKTI, KECAMATAN AIR PUTIH, KABUPATEN BATUBARA",02-06-2025,SUMATERA UTARA,Wilayah I,Syahriza Irtantri,Yayasan Durrotul Kareem Nusantara,"Batu Bara Air Putih Indrasakti JL. LINTAS MEDAN - ASAHAN, KELURAHAN INDRASAKTI, KECAMATAN AIR PUTIH, KABUPATEN BATUBARA SUMATERA UTARA"
SPPG Belu Atambua Selatan Manuaman,"Jalan Loro Lamaknen Tini, RT 010, RW 002, Kelurahan Manuaman, Kecamatan Atambua Selatan, Kabupaten Belu NTT",27-09-2025,NUSA TENGGARA TIMUR,Wilayah III,Jefrianus Julius Mau,,"Belu Atambua Selatan Manuaman Jalan Loro Lamaknen Tini, RT 010, RW 002, Kelurahan Manuaman, Kecamatan Atambua Selatan, Kabupaten Belu NTT NUSA TENGGARA TIMUR"
SPPG Bener Meriah Timang Gajah Mekar Ayu,"Jl. Lampahan Bireun- Desa Mekar Ayu Kecamatan Timang Gajah Kabupaten Bener Meriah, Mekar Ayu, Timang Gajah, Kab. Bener Meriah, Aceh",27-09-2025,ACEH,Wilayah I,Abdillah,,"Bener Meriah Timang Gajah Mekar Ayu Jl. Lampahan Bireun- Desa Mekar Ayu Kecamatan Timang Gajah Kabupaten Bener Meriah, Mekar Ayu, Timang Gajah, Kab. Bener Meriah, Aceh ACEH"
SPPG Bengkalis Rupat Utara Titi Akar,"Jl. Batin Cendawan Rt 001 Rw 001 Desa Titi Akar Kecamatan Rupat Utara Kabupaten Bengkalis, Riau",07-10-2025,RIAU,Wilayah I,Siti Nurmila Sari,,"Bengkalis Rupat Utara Titi Akar Jl. Batin Cendawan Rt 001 Rw 001 Desa Titi Akar Kecamatan Rupat Utara Kabupaten Bengkalis, Riau RIAU"
SPPG Bengkulu Utara Padang Jaya Marga Sakti,"Jl. Ahmad Yani Desa Marga Sakti Kecamatan Padang Jaya Kabupaten Bengkulu Utara Provinsi Bengkulu, Marga Sakti, Padang Jaya, Kab. Bengkulu Utara, Bengkulu",29-09-2025,BENGKULU,Wilayah I,Hendy Rasyid Kurniawan,,"Bengkulu Utara Padang Jaya Marga Sakti Jl. Ahmad Yani Desa Marga Sakti Kecamatan Padang Jaya Kabupaten Bengkulu Utara Provinsi Bengkulu, Marga Sakti, Padang Jaya, Kab. Bengkulu Utara, Bengkulu BENGKULU"
SPPG Biak Numfor Numfor Timur Kornasoren,Jl. Desa Kornasoren Distrik Numfor Timur Kabupaten Biak Numfor Provinsi Papua,26-08-2025,P A P U A,Wilayah III,Ardy Kalamma,,Biak Numfor Numfor Timur Kornasoren Jl. Desa Kornasoren Distrik Numfor Timur Kabupaten Biak Numfor Provinsi Papua P A P U A
SPPG Bima Lambu Simpasai,"Jalan Lintas Simpasai No. 01, Dusun Mangge Maju, RT 006 RW 003",22-08-2025,NUSA TENGGARA BARAT,Wilayah II,Fadlun Aulia Rahman,,"Bima Lambu Simpasai Jalan Lintas Simpasai No. 01, Dusun Mangge Maju, RT 006 RW 003 NUSA TENGGARA BARAT"
SPPG Bireuen Kota Juang Lhok Awe Teungoh,Jl. Lorong Mesjid Dusun Mulia Desa Lhok Awe Teungoh Kecamatan Kota Juang Kabupaten Bireuen Provinsi Aceh,15-09-2025,ACEH,Wilayah I,Sarah Nadia,,Bireuen Kota Juang Lhok Awe Teungoh Jl. Lorong Mesjid Dusun Mulia Desa Lhok Awe Teungoh Kecamatan Kota Juang Kabupaten Bireuen Provinsi Aceh ACEH
SPPG Bireuen Kuta Blang Meusee,"Dusun A Desa Meuse Kecamatan Kuta Blang Kabupaten Bireuen, Meusee, Kuta Blang, Kabupatan Bireuen, Aceh",28-08-2025,ACEH,Wilayah I,Fahmi Rizki,,"Bireuen Kuta Blang Meusee Dusun A Desa Meuse Kecamatan Kuta Blang Kabupaten Bireuen, Meusee, Kuta Blang, Kabupatan Bireuen, Aceh ACEH"
SPPG Bireuen Simpang Mamplam Blang Kuta Coh,"Jl. Simpang Mamplam Kuta Desa Blang Kuta Kec. Simpang Mamplam Kab. Bireuen , Blang Kuta Coh, Simpang Mamplam, Kab. Bireuen, Aceh",26-09-2025,ACEH,Wilayah I,Aulia Ul Mursalin,,"Bireuen Simpang Mamplam Blang Kuta Coh Jl. Simpang Mamplam Kuta Desa Blang Kuta Kec. Simpang Mamplam Kab. Bireuen , Blang Kuta Coh, Simpang Mamplam, Kab. Bireuen, Aceh ACEH"
SPPG Blitar Wonodadi Kolomayan,"Dusun Kamogan Rt 003 Rw 007 Desa Kolomayan Kecamatan Wonodadi Kabupaten Blitar, Kolomayan, Wonodadi, Kab. Blitar, Jawa Timur",04-10-2025,JAWA TIMUR,Wilayah II,Zannuba Maulidiana Azzahra,,"Blitar Wonodadi Kolomayan Dusun Kamogan Rt 003 Rw 007 Desa Kolomayan Kecamatan Wonodadi Kabupaten Blitar, Kolomayan, Wonodadi, Kab. Blitar, Jawa Timur JAWA TIMUR"
SPPG Blora Blora Andongrejo,"Jl. Raya Andongrejo, Dukuh Ndenguk, Desa Andongrejo, Kecamatan Blora, Kabupaten Blora, Provinsi Jawa Tengah ",28-07-2025,JAWA TENGAH,Wilayah II,Nur Laila ,Yayasan Raudhoh Al Hikmah,"Blora Blora Andongrejo Jl. Raya Andongrejo, Dukuh Ndenguk, Desa Andongrejo, Kecamatan Blora, Kabupaten Blora, Provinsi Jawa Tengah  JAWA TENGAH"
SPPG Blora Jati Tobo,"RT 005/RW 002, Desa Tobo, Kecamatan Jati, Kabupaten Blora, Provinsi Jawa Tengah",23-08-2025,JAWA TENGAH,Wilayah II,Biondi Destriatma Putra,,"Blora Jati Tobo RT 005/RW 002, Desa Tobo, Kecamatan Jati, Kabupaten Blora, Provinsi Jawa Tengah JAWA TENGAH"
SPPG Blora Kedungtuban Tanjung 2,"Jl. Sogo Gondel Rt 008 Rw 001 Desa Tanjung Kecamatan Kedungtuban Kabupaten Blora, Jawa Tengah",04-10-2025,JAWA TENGAH,Wilayah II,Mohamad Risjal,,"Blora Kedungtuban Tanjung 2 Jl. Sogo Gondel Rt 008 Rw 001 Desa Tanjung Kecamatan Kedungtuban Kabupaten Blora, Jawa Tengah JAWA TENGAH"
SPPG Blora Kradenan Sumber,"Jln. Dukuh Tambak RT 001 RW 013, Desa Sumber, Kecamatan Kradenan, Kabupaten Blora, Jawa Tengah",04-08-2025,JAWA TENGAH,Wilayah II,Dimas Wahyu Nanda,,"Blora Kradenan Sumber Jln. Dukuh Tambak RT 001 RW 013, Desa Sumber, Kecamatan Kradenan, Kabupaten Blora, Jawa Tengah JAWA TENGAH"
SPPG Blora Randublatung Sumberejo,"Jl. Randublatung - Cepu Km.4 Dukuh Jape Desa Sumberejo, Randublatung",17-03-2025,JAWA TENGAH,Wilayah II,Sofyan Syaefudin,Yayasan Ittibaa Ul Ihsan,"Blora Randublatung Sumberejo Jl. Randublatung - Cepu Km.4 Dukuh Jape Desa Sumberejo, Randublatung JAWA TENGAH"
SPPG Boalemo Tilamuta Hungayonaa,"Jalan Perumahan Permata Coco, Desa Hugayonaa, Kecamatan Tilamuta, Kabupaten Boalemo, Provinsi Gorontalo",18-08-2025,GORONTALO,Wilayah III,Riska Sidiki,,"Boalemo Tilamuta Hungayonaa Jalan Perumahan Permata Coco, Desa Hugayonaa, Kecamatan Tilamuta, Kabupaten Boalemo, Provinsi Gorontalo GORONTALO"
SPPG Bogor Tamansari Sukajadi,"Kampung Gadog Kaler Rt/Rw 01/03, Desa Sukajadi, Kecamatan Tamansari Kab.&amp;amp;amp;amp;amp;amp;amp;amp;amp;amp;nbsp;Bogor Bogor, Provinsi Jawa Barat",10-09-2025,JAWA BARAT,Wilayah II,Wahyu Febrian,,"Bogor Tamansari Sukajadi Kampung Gadog Kaler Rt/Rw 01/03, Desa Sukajadi, Kecamatan Tamansari Kab.&amp;amp;amp;amp;amp;amp;amp;amp;amp;amp;nbsp;Bogor Bogor, Provinsi Jawa Barat JAWA BARAT"
SPPG Bojonegoro Balen Sidobandung,"Gang Sawo 2 Dusun Kekarah Rt. 004 Rw. 001 Desa Sidobandung Kec. Kapas Kab. Bojonegoro, Jawa Timur",28-09-2025,JAWA TIMUR,Wilayah II,Katon Bayu Wicaksono,,"Bojonegoro Balen Sidobandung Gang Sawo 2 Dusun Kekarah Rt. 004 Rw. 001 Desa Sidobandung Kec. Kapas Kab. Bojonegoro, Jawa Timur JAWA TIMUR"
SPPG Bojonegoro Baureno Pucangarum,"`SPPG Yayasan Bening Samudro Tlogoagung Desa Pucangarum, Kecamatan Baureno, Kabupaten Bojonegoro, Provinsi Jawa Timur,",31-07-2025,JAWA TIMUR,Wilayah II,Fania Ananta Romadhoni,,"Bojonegoro Baureno Pucangarum ` Yayasan Bening Samudro Tlogoagung Desa Pucangarum, Kecamatan Baureno, Kabupaten Bojonegoro, Provinsi Jawa Timur, JAWA TIMUR"
SPPG Bojonegoro Kepohbaru Brangkal,"Jalan Baureno Kepohbaru, Desa Brangkal RT 01 RW 01 Kec. Kepoh baru Kabupaten Bojonegoro",14-07-2025,JAWA TIMUR,Wilayah II,Febita Agustin Nurhalimah ,,"Bojonegoro Kepohbaru Brangkal Jalan Baureno Kepohbaru, Desa Brangkal RT 01 RW 01 Kec. Kepoh baru Kabupaten Bojonegoro JAWA TIMUR"
SPPG Bojonegoro Kepohbaru Karangan,"DUSUN TULUNG RT 021 RW 005, DESA KARANGAN KEC. KEPOHBARU KABUPATEN BOJONEGORO",18-08-2025,JAWA TIMUR,Wilayah II,Kelana Sakti,,"Bojonegoro Kepohbaru Karangan DUSUN TULUNG RT 021 RW 005, DESA KARANGAN KEC. KEPOHBARU KABUPATEN BOJONEGORO JAWA TIMUR"
SPPG Bolaang Mongondow Selatan Posigadan Iloheluma,"Jl. Trans Sulawesi Lintas Selatan&amp;amp;amp;amp;amp;amp;nbsp;Desa&amp;amp;amp;amp;amp;amp;nbsp;Iloheluma, Kecamatan Posigadan, Kabupaten Bolaang Mongondow Selatan, Provinsi Sulawesi Utara",09-09-2025,SULAWESI UTARA,Wilayah III,Satrio Pulumoduyo,,"Bolaang Mongondow Selatan Posigadan Iloheluma Jl. Trans Sulawesi Lintas Selatan&amp;amp;amp;amp;amp;amp;nbsp;Desa&amp;amp;amp;amp;amp;amp;nbsp;Iloheluma, Kecamatan Posigadan, Kabupaten Bolaang Mongondow Selatan, Provinsi Sulawesi Utara SULAWESI UTARA"
SPPG Bondowoso Pakem Patemon,"Ds. Patemon, Dusun Kendal RT 01 RW 01, Kec. Pakem",02-06-2025,JAWA TIMUR,Wilayah II,Zhahwanda Anasty Prassadewi,Yayasan Pendidikan Islam Baitul Hikmah Al Imraniyyah,"Bondowoso Pakem Patemon Ds. Patemon, Dusun Kendal RT 01 RW 01, Kec. Pakem JAWA TIMUR"
SPPG Bondowoso Tamanan Wonosuko,Dusun Krajan Barat Rt.001 RW.001 Desa Wonosuko Kecamatan Tamanan,-,JAWA TIMUR,Wilayah II,Muhammad Izzat Abdi,,Bondowoso Tamanan Wonosuko Dusun Krajan Barat Rt.001 RW.001 Desa Wonosuko Kecamatan Tamanan JAWA TIMUR
SPPG Bone Tanete Riattang Barat Macege,"Jl. Husein Badawi Kelurahan Macege Kecamatan Tanete Riattang Barat Kabupaten Bone Sulawesi Selatan , Macege, Tanete Riattang Barat, Kab. Bone, Sulawesi Selatan",05-09-2025,SULAWESI SELATAN,Wilayah III,Muhammad Risal,,"Bone Tanete Riattang Barat Macege Jl. Husein Badawi Kelurahan Macege Kecamatan Tanete Riattang Barat Kabupaten Bone Sulawesi Selatan , Macege, Tanete Riattang Barat, Kab. Bone, Sulawesi Selatan SULAWESI SELATAN"
SPPG Boyolali Ampel Tanduk 2,"Dukuh Bakalan Rt 002 Rw 006, Desa Tanduk, Kecamatan Ampel, Kabupaten Boyolali, Jawa Tengah",19-09-2025,JAWA TENGAH,Wilayah II,Muhammad Irvan Alamsyah,,"Boyolali Ampel Tanduk 2 Dukuh Bakalan Rt 002 Rw 006, Desa Tanduk, Kecamatan Ampel, Kabupaten Boyolali, Jawa Tengah JAWA TENGAH"
SPPG Boyolali Andong Beji 2,"Jl. Proklamasi No 1, Bandung Lor Rt 21/03 Beji, Andong&amp;amp;amp;amp;amp;amp;nbsp;Boyolali",15-09-2025,JAWA TENGAH,Wilayah II,Muchammad Thoriiq Nabeel,,"Boyolali Andong Beji 2 Jl. Proklamasi No 1, Bandung Lor Rt 21/03 Beji, Andong&amp;amp;amp;amp;amp;amp;nbsp;Boyolali JAWA TENGAH"
SPPG Boyolali Klego Blumbang,"Dusun Glagahombo, RT 014 RW 004, Desa Blumbang, Kecamatan Klego, Kabupaten Boyolali, Jawa Tengah",21-08-2025,JAWA TENGAH,Wilayah II,Mahendra Noor Febriyanto,,"Boyolali Klego Blumbang Dusun Glagahombo, RT 014 RW 004, Desa Blumbang, Kecamatan Klego, Kabupaten Boyolali, Jawa Tengah JAWA TENGAH"
SPPG Boyolali Mojosongo Manggis,"Dk Dawar RT 04 RW 03 Desa Manggis, Kecamatan Mojosongo, Kabupaten Boyolali",18-08-2025,JAWA TENGAH,Wilayah II,Anas Farid Athaya,,"Boyolali Mojosongo Manggis Dk Dawar RT 04 RW 03 Desa Manggis, Kecamatan Mojosongo, Kabupaten Boyolali JAWA TENGAH"
SPPG Boyolali Ngemplak Gagaksipat 2,"Dukuh Kelipan RT 001 RW 007 Desa Gagaksipat, Kecamatan Ngemplak, Kabupaten Boyolali, Provinsi Jawa Tengah",06-01-2025,JAWA TENGAH,Wilayah II,Yuwida Salma Lova,,"Boyolali Ngemplak Gagaksipat 2 Dukuh Kelipan RT 001 RW 007 Desa Gagaksipat, Kecamatan Ngemplak, Kabupaten Boyolali, Provinsi Jawa Tengah JAWA TENGAH"
SPPG Boyolali Nogosari Rembun,"Dukuh Mojobaru, RT 006 RW 007, Desa Rembun, Kecamatan Nogosari, Kabupaten Boyolali, Jawa Tengah",15-08-2025,JAWA TENGAH,Wilayah II,Dyah Dwi Permatasari,,"Boyolali Nogosari Rembun Dukuh Mojobaru, RT 006 RW 007, Desa Rembun, Kecamatan Nogosari, Kabupaten Boyolali, Jawa Tengah JAWA TENGAH"
SPPG Boyolali Teras Sudimoro,"Dusun Dampit, Desa Sudimoro, Kecamatan Teras, Kabupaten Boyolali, Provinsi Jawa Tengah",18-10-2025,JAWA TENGAH,Wilayah II,Muhammad Rizki Pradana Putra,,"Boyolali Teras Sudimoro Dusun Dampit, Desa Sudimoro, Kecamatan Teras, Kabupaten Boyolali, Provinsi Jawa Tengah JAWA TENGAH"
SPPG Brebes Banjarharjo Bandungsari,"Sindangraja, Bandungsari, Kecamatan. Banjarharjo, Kabupaten Brebes, Jawa Tengah",10-06-2025,JAWA TENGAH,Wilayah II,Kharis Habib Hidayat ,Yayasan Patriot Solidaritas Nusantara,"Brebes Banjarharjo Bandungsari Sindangraja, Bandungsari, Kecamatan. Banjarharjo, Kabupaten Brebes, Jawa Tengah JAWA TENGAH"
SPPG Brebes Brebes Padasugih,"RT 1 RW 4 Ds Klapasawit Desa Padasugih 
Kec Brebes, Padasugih Brebes, Kab. Brebes, Jawa Tengah",16-09-2025,JAWA TENGAH,Wilayah II,Evi Astuti,,"Brebes Brebes Padasugih RT 1 RW 4 Ds Klapasawit Desa Padasugih 
Kec Brebes, Padasugih Brebes, Kab. Brebes, Jawa Tengah JAWA TENGAH"
SPPG Brebes Bumiayu Kalilangkap,"Kalisumur, Kalilangkap, Kabupaten Brebes, Jawa Tengah, KALILANGKAP, BUMIAYU, KAB. BREBES, JAWA TENGAH",06-10-2025,JAWA TENGAH,Wilayah II,PUJI ALFIYAN,,"Brebes Bumiayu Kalilangkap Kalisumur, Kalilangkap, Kabupaten Brebes, Jawa Tengah, KALILANGKAP, BUMIAYU, KAB. BREBES, JAWA TENGAH JAWA TENGAH"
SPPG Brebes Sirampog Kaligiri,"Jl. Pakishaji RT 04 RW 04,Desa Kaligiri, Kecamatan Sirampog, Kabupaten Brebes, Provinsi Jawa Tengah",28-07-2025,JAWA TENGAH,Wilayah II,Lili Nur Intan,Yayasan Pakis Madani Berdikari,"Brebes Sirampog Kaligiri Jl. Pakishaji RT 04 RW 04,Desa Kaligiri, Kecamatan Sirampog, Kabupaten Brebes, Provinsi Jawa Tengah JAWA TENGAH"
SPPG Buleleng Banjar Temukus,"Jalan Seririt&amp;amp;amp;amp;amp;amp;amp;amp;amp;amp;amp;amp;ndash;Singaraja, Desa Temukus, Banjar Dinas Pegayaman, Kecamatan Banjar, Kabupaten Buleleng, Bali",22-08-2025,BALI,Wilayah III,Putu Loji Putra Dermawan Ginantara,,"Buleleng Banjar Temukus Jalan Seririt&amp;amp;amp;amp;amp;amp;amp;amp;amp;amp;amp;amp;ndash;Singaraja, Desa Temukus, Banjar Dinas Pegayaman, Kecamatan Banjar, Kabupaten Buleleng, Bali BALI"
SPPG Buleleng Busungbiu Busungbiu,"Jalan Amerta, Kilometer 0,5, Banjar Dinas Kelod, Desa Busungbiu, Kecamatan Busungbiu, Kabupaten Buleleng, Bali",22-08-2025,BALI,Wilayah III,Putu Rosy Agustini,,"Buleleng Busungbiu Busungbiu Jalan Amerta, Kilometer 0,5, Banjar Dinas Kelod, Desa Busungbiu, Kecamatan Busungbiu, Kabupaten Buleleng, Bali BALI"
SPPG Buleleng Sukasada Pancasari,"SPPG Yayasan Widya Dharma Bali Jalan Singaraja&amp;amp;amp;amp;amp;amp;amp;amp;ndash;Denpasar KM 4, Lingkar Sangket, Kecamatan Sukasada, Kabupaten Buleleng, Bali",24-08-2025,BALI,Wilayah III,Ketut Pingki Ardina,,"Buleleng Sukasada Pancasari  Yayasan Widya Dharma Bali Jalan Singaraja&amp;amp;amp;amp;amp;amp;amp;amp;ndash;Denpasar KM 4, Lingkar Sangket, Kecamatan Sukasada, Kabupaten Buleleng, Bali BALI"
SPPG Bulukumba Rilauale Palampang,Jln Poros Balimbing Ligkungan Sapepe Kel. Palampang Kecamatan Rilau Ale Kab. Bulukumba,04-08-2025,SULAWESI SELATAN,Wilayah III,Wahyuningsih,,Bulukumba Rilauale Palampang Jln Poros Balimbing Ligkungan Sapepe Kel. Palampang Kecamatan Rilau Ale Kab. Bulukumba SULAWESI SELATAN
SPPG Bulukumba Ujungloe Dannuang,"Jl. Batulohe Kel. Dannuang Kecamatan Ujungloe Kabupaten Bulukumba, Dannuang, Ujungloe, Kabupaten Bulukumba, Sulawesi Selatan",28-09-2025,SULAWESI SELATAN,Wilayah III,Andi Bintang Lantara,,"Bulukumba Ujungloe Dannuang Jl. Batulohe Kel. Dannuang Kecamatan Ujungloe Kabupaten Bulukumba, Dannuang, Ujungloe, Kabupaten Bulukumba, Sulawesi Selatan SULAWESI SELATAN"
SPPG Buru Selatan Ambalau Elara,"Jl. Niwelholone, Desa Elara Rt.00.Rw.00, Kecamatan Ambalau, Kabupaten Buru Selatan, Maluku",29-08-2025,MALUKU,Wilayah III,Muhammad Sarabiti,,"Buru Selatan Ambalau Elara Jl. Niwelholone, Desa Elara Rt.00.Rw.00, Kecamatan Ambalau, Kabupaten Buru Selatan, Maluku MALUKU"
SPPG Buton Tengah Gu Watulea,Jl. Poros Muna-Labungkari (Samping Kantor Lsm Sintesa) Buton Tengah Kecamastan Gu Kelurahan Watulea Rt 002 Rw 002,26-08-2025,SULAWESI TENGGARA,Wilayah III,Muhammad Basrah,,Buton Tengah Gu Watulea Jl. Poros Muna-Labungkari (Samping Kantor Lsm Sintesa) Buton Tengah Kecamastan Gu Kelurahan Watulea Rt 002 Rw 002 SULAWESI TENGGARA
SPPG Buton Tengah Mawasangka Tengah Lanto,"Jl. Poros Mawasangka-Labungkari Rt 001 Rw 002 Dusun Garangga Desa Lanto, Kode Pos: 93764, Lanto, Mawasangka Tengah, Kab. Buton Tengah, Sulawesi Tenggara",23-09-2025,SULAWESI TENGGARA,Wilayah III,"L. Muh. Fazwan, S.AP",,"Buton Tengah Mawasangka Tengah Lanto Jl. Poros Mawasangka-Labungkari Rt 001 Rw 002 Dusun Garangga Desa Lanto, Kode Pos: 93764, Lanto, Mawasangka Tengah, Kab. Buton Tengah, Sulawesi Tenggara SULAWESI TENGGARA"
SPPG Ciamis Kawali Kawali,"Jl. Pamengker Rt 001 Rw 05 Dusun Kawali, Kecamatan Kawali, Kabupaten Ciamis, Jawa Barat",22-09-2025,JAWA BARAT,Wilayah II,Lutfi Rifqi Rabbani,,"Ciamis Kawali Kawali Jl. Pamengker Rt 001 Rw 05 Dusun Kawali, Kecamatan Kawali, Kabupaten Ciamis, Jawa Barat JAWA BARAT"
SPPG Ciamis Lakbok Sidaharja,Dusun Jamban RT 015 RW 003 Desa Sidaharja Kecamatan Lakbok Kabupaten Ciamis Provinsi Jawa Barat,26-05-2025,JAWA BARAT,Wilayah II, Ilham Nur Suryana,Yayasan Bumi Mutiara Insani,Ciamis Lakbok Sidaharja Dusun Jamban RT 015 RW 003 Desa Sidaharja Kecamatan Lakbok Kabupaten Ciamis Provinsi Jawa Barat JAWA BARAT
SPPG Ciamis Lumbung Darmaraja,"Jl. Babantar-Sadewata Dusun Awiluar Rt.001 Rw.001, Darmaraja, Lumbung, Kab. Ciamis, Jawa Barat",09-09-2025,JAWA BARAT,Wilayah II,"Depan Moh Adi Saputra, S.M.",,"Ciamis Lumbung Darmaraja Jl. Babantar-Sadewata Dusun Awiluar Rt.001 Rw.001, Darmaraja, Lumbung, Kab. Ciamis, Jawa Barat JAWA BARAT"
SPPG Ciamis Panawangan Cinyasag,"Dusun Kaliwon RT 004 RW 004, Desa Cinyasag, Kecamatan Panawangan, Kabupaten Ciamis, Jawa Barat,",22-08-2025,JAWA BARAT,Wilayah II,Syahrul Mubarok,,"Ciamis Panawangan Cinyasag Dusun Kaliwon RT 004 RW 004, Desa Cinyasag, Kecamatan Panawangan, Kabupaten Ciamis, Jawa Barat, JAWA BARAT"
SPPG Ciamis Sukadana Bunter,"Dusun Cisadap Rt 004 / Rw 003, Desa Bunter Kecamatan Sukadana Kabupaten Ciamis, Jawa Barat",09-10-2025,JAWA BARAT,Wilayah II,Ogi Sugiat,,"Ciamis Sukadana Bunter Dusun Cisadap Rt 004 / Rw 003, Desa Bunter Kecamatan Sukadana Kabupaten Ciamis, Jawa Barat JAWA BARAT"
SPPG Cianjur Bojongpicung Neglasari,Kp. Babakansoka RT 01 RW 06 Desa Neglasari Kecamatan Bojongpicung Kabupaten Cianjur Provinsi Jawa Barat,24-09-2025,JAWA BARAT,Wilayah II,"FAHLA BACHTIAR, S.P",,Cianjur Bojongpicung Neglasari Kp. Babakansoka RT 01 RW 06 Desa Neglasari Kecamatan Bojongpicung Kabupaten Cianjur Provinsi Jawa Barat JAWA BARAT
SPPG Cianjur Bojongpicung Neglasari 2,Kampung Hunyur Rt. 003 Rw. 004 Desa Neglasari Kecamatan Bojong Picung Kabupaten Cianjur Jawa Barat,04-10-2025,JAWA BARAT,Wilayah II,Zakky Hasan Latif,,Cianjur Bojongpicung Neglasari 2 Kampung Hunyur Rt. 003 Rw. 004 Desa Neglasari Kecamatan Bojong Picung Kabupaten Cianjur Jawa Barat JAWA BARAT
SPPG Cianjur Cijati Parakantugu,"Jl. Parakantugu Rt 001 Rw 001 Desa Parakantugu Kecamatan Cijati Kabupaten Cianjur, Jawa Barat",22-09-2025,JAWA BARAT,Wilayah II,Dede Suhendi,,"Cianjur Cijati Parakantugu Jl. Parakantugu Rt 001 Rw 001 Desa Parakantugu Kecamatan Cijati Kabupaten Cianjur, Jawa Barat JAWA BARAT"
SPPG Cianjur Cilaku Rancagoong 3,"Kampung Cisarua Rt 01/07 Dessa Rancagoong Kecamatan Cilaku&amp;amp;amp;amp;amp;amp;nbsp;Kabupaten&amp;amp;amp;amp;amp;amp;nbsp;Cianjur, Jawa Barat",01-10-2025,JAWA BARAT,Wilayah II,Diman Maulana,,"Cianjur Cilaku Rancagoong 3 Kampung Cisarua Rt 01/07 Dessa Rancagoong Kecamatan Cilaku&amp;amp;amp;amp;amp;amp;nbsp;Kabupaten&amp;amp;amp;amp;amp;amp;nbsp;Cianjur, Jawa Barat JAWA BARAT"
SPPG Cianjur Haurwangi Haurwangi,Kp. Sipon Kaler No 47. RT. 001 RW. 013,05-05-2025,JAWA BARAT,Wilayah II,Gilang,Yayasan Berkah Abdi Sadaya,Cianjur Haurwangi Haurwangi Kp. Sipon Kaler No 47. RT. 001 RW. 013 JAWA BARAT
SPPG Cianjur Pagelaran Buniwangi,"Kampung Buniwangi Rt 002 Rw 004 Desa Buniwangi Kecamatan Pagelaran Kabupaten Cianjur, Jawa Barat",19-09-2025,JAWA BARAT,Wilayah II,M Bagus Alfarid S.H.,,"Cianjur Pagelaran Buniwangi Kampung Buniwangi Rt 002 Rw 004 Desa Buniwangi Kecamatan Pagelaran Kabupaten Cianjur, Jawa Barat JAWA BARAT"
SPPG Cianjur Pagelaran Kertaraharja,Kampung Bojongloa Rt 002 Rw 001 Desa Kertaraharja Kecamatan Pagelaran Kabupaten Cianjur Jawa Barat,02-10-2025,JAWA BARAT,Wilayah II,Sunandar,,Cianjur Pagelaran Kertaraharja Kampung Bojongloa Rt 002 Rw 001 Desa Kertaraharja Kecamatan Pagelaran Kabupaten Cianjur Jawa Barat JAWA BARAT
SPPG Cianjur Pasirkuda Kubang,Kampung Kubang Rt 001 Rw 003 Desa Kubang Kecamatan Pasirkuda Kabupaten Cianjur Jawa Barat,02-10-2025,JAWA BARAT,Wilayah II,Aras Nurahman,,Cianjur Pasirkuda Kubang Kampung Kubang Rt 001 Rw 003 Desa Kubang Kecamatan Pasirkuda Kabupaten Cianjur Jawa Barat JAWA BARAT
SPPG Cianjur Sindangbarang Talagasari,"Kampung Cikawung RT 01 RW 02, Desa Talagasari, Kecamatan Sindangbarang, Kabupaten Cianjur, Jawa Barat",21-08-2025,JAWA BARAT,Wilayah II,Ridwan Surya Djaya,,"Cianjur Sindangbarang Talagasari Kampung Cikawung RT 01 RW 02, Desa Talagasari, Kecamatan Sindangbarang, Kabupaten Cianjur, Jawa Barat JAWA BARAT"
SPPG Cianjur Tanggeung Bojongpetir,Kampung Sukadami Rt 001 Rw 003 Desa Bojongpetir Kecamatan Tanggeung  Kabupaten Cianjur Jawa Barat,04-10-2025,JAWA BARAT,Wilayah II,Toni Sagita Permana,,Cianjur Tanggeung Bojongpetir Kampung Sukadami Rt 001 Rw 003 Desa Bojongpetir Kecamatan Tanggeung  Kabupaten Cianjur Jawa Barat JAWA BARAT
SPPG Cianjur Warungkondang Cisarandi 2,"Kampung Pasir Dengkeng Rt.02 Rw04 Desa Cisarandi Kecamatan Warkon Kabupaten Cianjur, Jawa Barat",13-09-2025,JAWA BARAT,Wilayah II,Dias Nugraha,,"Cianjur Warungkondang Cisarandi 2 Kampung Pasir Dengkeng Rt.02 Rw04 Desa Cisarandi Kecamatan Warkon Kabupaten Cianjur, Jawa Barat JAWA BARAT"
SPPG Cilacap Kawunganten Kalijeruk,"Dusun cilemba RT 01 RW 01 Desa Kalijeruk, Kecamatan Kawunganten, Kabupaten Cilacap, Provinsi Jawa Tengah",19-08-2025,JAWA TENGAH,Wilayah II,"Nurhotimah, S.M.",,"Cilacap Kawunganten Kalijeruk Dusun cilemba RT 01 RW 01 Desa Kalijeruk, Kecamatan Kawunganten, Kabupaten Cilacap, Provinsi Jawa Tengah JAWA TENGAH"
SPPG Cilacap Maos Karangrena,"Jl. Hansip Barat RT 03 RW 01 Desa Karangrena, Kec. Maos Kab. Cilacap, KARANGRENA, MAOS, KAB. CILACAP, JAWA TENGAH",19-08-2025,JAWA TENGAH,Wilayah II,Diah Putri Ayu Susanti,,"Cilacap Maos Karangrena Jl. Hansip Barat RT 03 RW 01 Desa Karangrena, Kec. Maos Kab. Cilacap, KARANGRENA, MAOS, KAB. CILACAP, JAWA TENGAH JAWA TENGAH"
SPPG Cirebon Gempol Gempol,"Desa Gempol Blok Masjid RT. 01 RW. 03, Jalan Raya Cirebon&amp;amp;amp;amp;amp;amp;ndash;Bandung, Kecamatan Gempol, Kabupaten Cirebon, Provinsi Jawa Barat.",21-08-2025,JAWA BARAT,Wilayah II,Ramadhan Trysurya Milenium,,"Cirebon Gempol Gempol Desa Gempol Blok Masjid RT. 01 RW. 03, Jalan Raya Cirebon&amp;amp;amp;amp;amp;amp;ndash;Bandung, Kecamatan Gempol, Kabupaten Cirebon, Provinsi Jawa Barat. JAWA BARAT"
SPPG Cirebon Suranenggala Keraton,"Jl. Sunan gunung jati desa purwawinangun kec suranenggala blok pabean kulon rt 5 rw 4, KAB. CIREBON, SURANENGGALA, JAWA BARAT,&amp;amp;amp;amp;nbsp;ID,&amp;amp;amp;amp;nbsp;45659",28-09-2025,JAWA BARAT,Wilayah II,Iqbaal Rizqi Effyanto,,"Cirebon Suranenggala Keraton Jl. Sunan gunung jati desa purwawinangun kec suranenggala blok pabean kulon rt 5 rw 4, KAB. CIREBON, SURANENGGALA, JAWA BARAT,&amp;amp;amp;amp;nbsp;ID,&amp;amp;amp;amp;nbsp;45659 JAWA BARAT"
SPPG Cirebon Talun Kerandon,"Jalan Iring Iring, Blok Iring Iring Dusun III Nomor 56, RT 002 RW 004, Desa Kerandon, Kecamatan Talun, Kabupaten Cirebon, Provinsi Jawa Barat, Kode Pos 45171",23-08-2025,JAWA BARAT,Wilayah II,Wildan Pamungkas,,"Cirebon Talun Kerandon Jalan Iring Iring, Blok Iring Iring Dusun III Nomor 56, RT 002 RW 004, Desa Kerandon, Kecamatan Talun, Kabupaten Cirebon, Provinsi Jawa Barat, Kode Pos 45171 JAWA BARAT"
SPPG Deiyai Tigi Waghete I 2,"Jl.Tigi Doow, Kampung Tigi Doow, Distrik Tigi, Kab Deiyai. Prov. Papua Tengah, Waghete I, Tigi, Kab. Deiyai, Papua Tengah",22-09-2025,PAPUA TENGAH,Wilayah III,Agusten Anouw,,"Deiyai Tigi Waghete I 2 Jl.Tigi Doow, Kampung Tigi Doow, Distrik Tigi, Kab Deiyai. Prov. Papua Tengah, Waghete I, Tigi, Kab. Deiyai, Papua Tengah PAPUA TENGAH"
SPPG Demak Bonang Weding,Weding Timur Rt 001 Rw 006 Desa Weding Kecamatan Bonang Kabupaten Demak Provinsi Jawa Tengah,27-08-2025,JAWA TENGAH,Wilayah II,Muhammad Syafiul Anam,,Demak Bonang Weding Weding Timur Rt 001 Rw 006 Desa Weding Kecamatan Bonang Kabupaten Demak Provinsi Jawa Tengah JAWA TENGAH
SPPG Demak Demak Kalikondang 2,Dukuh Barus RT 008 RW 006 Desa Kalikondang Kelurahan Kalikondang Kecamatan Demak Kabupaten Demak Provinsi Jawa Tengah,22-08-2025,JAWA TENGAH,Wilayah II,Firdaus Alfarisi Armilani,,Demak Demak Kalikondang 2 Dukuh Barus RT 008 RW 006 Desa Kalikondang Kelurahan Kalikondang Kecamatan Demak Kabupaten Demak Provinsi Jawa Tengah JAWA TENGAH
SPPG Demak Gajah Sari,"Desa Sari RT.01/RW.02, Kec. Gajah, Kab. Demak, Jateng., Sari, Gajah, Kab. Demak, Jawa Tengah",04-09-2025,JAWA TENGAH,Wilayah II,Ahmad Mukhanif,,"Demak Gajah Sari Desa Sari RT.01/RW.02, Kec. Gajah, Kab. Demak, Jateng., Sari, Gajah, Kab. Demak, Jawa Tengah JAWA TENGAH"
SPPG Demak Guntur Bakalrejo,Gabus 005 002 Desa Bakalrejo Kecamatan Guntur Kabupaten Demak,18-08-2025,JAWA TENGAH,Wilayah II,Muhamad Mahsun,,Demak Guntur Bakalrejo Gabus 005 002 Desa Bakalrejo Kecamatan Guntur Kabupaten Demak JAWA TENGAH
SPPG Demak Guntur Temuroso 2,Jl. Djasun Rt 08 Rw 01 Desa Temuroso Kec. Guntur Kab. Demak,01-10-2025,JAWA TENGAH,Wilayah II,Henny Diah Ayu Puspitasari,,Demak Guntur Temuroso 2 Jl. Djasun Rt 08 Rw 01 Desa Temuroso Kec. Guntur Kab. Demak JAWA TENGAH
SPPG Demak Mijen Mijen 2,"Jl. Gubug Purwodadi Desa Mijen Timur Kec. Kebonagung Kabupaten Demak Jawa Tengah, Mijen, Kebonagung, Kab. Demak, Jawa Tengah",30-08-2025,JAWA TENGAH,Wilayah II,Luklu Ul Maknuun,,"Demak Mijen Mijen 2 Jl. Gubug Purwodadi Desa Mijen Timur Kec. Kebonagung Kabupaten Demak Jawa Tengah, Mijen, Kebonagung, Kab. Demak, Jawa Tengah JAWA TENGAH"
SPPG Demak Wonosalam Kendaldoyong,"Dusun Blambangan RT 004 RW 006, Desa Kendaldoyong, Kecamatan Wonosalam, Kabupaten Demak, Jawa Tengah",19-03-2025,JAWA TENGAH,Wilayah II,Nida Maulidina Istanto,,"Demak Wonosalam Kendaldoyong Dusun Blambangan RT 004 RW 006, Desa Kendaldoyong, Kecamatan Wonosalam, Kabupaten Demak, Jawa Tengah JAWA TENGAH"
SPPG Dharmasraya Sitiung Sitiung 2,"Alinia Park &amp;amp;amp;amp;amp; Resort, Kec. Sitiung, Jorong Lawai, Kabupaten Dharmasraya, Sumatera Barat",19-09-2025,SUMATERA BARAT,Wilayah I,Puja Tamara,,"Dharmasraya Sitiung Sitiung 2 Alinia Park &amp;amp;amp;amp;amp; Resort, Kec. Sitiung, Jorong Lawai, Kabupaten Dharmasraya, Sumatera Barat SUMATERA BARAT"
SPPG Dompu Dompu Manggeasi,Lingkungan Sambi tangga RT.09 RW.04 Kelurahan Kandai Satu,19-08-2025,NUSA TENGGARA BARAT,Wilayah II,IMAM SAUKANI KARUNIA,,Dompu Dompu Manggeasi Lingkungan Sambi tangga RT.09 RW.04 Kelurahan Kandai Satu NUSA TENGGARA BARAT
SPPG Empat Lawang Tebing Tinggi Tanjungkupang 2,"JL Lintas Sumatera No. 14 Rt.003 Rw.007 Kelurahan Tanjung Kupang, Kecamatan Tebing Tinggi, Kabupaten Empat Lawang, Provinsi Sumatera Selatan, TANJUNGKUPANG , TEBING TINGGI, KAB. EMPAT LAWANG, SUMATERA SELATAN",19-08-2025,SUMATERA SELATAN,Wilayah I,Muhammad Jakra Wirawan,,"Empat Lawang Tebing Tinggi Tanjungkupang 2 JL Lintas Sumatera No. 14 Rt.003 Rw.007 Kelurahan Tanjung Kupang, Kecamatan Tebing Tinggi, Kabupaten Empat Lawang, Provinsi Sumatera Selatan, TANJUNGKUPANG , TEBING TINGGI, KAB. EMPAT LAWANG, SUMATERA SELATAN SUMATERA SELATAN"
SPPG Ende Ndona Lokoboko,"Jl. Jurusan Lokoboko - Watumbawu, RT.001/RW.001, Kel. Lokoboko, Kec. Ndona, Kab. Ende, Prov. Nusa Tenggara Timur",17-02-2025,NUSA TENGGARA TIMUR,Wilayah III,"Yoseph Andrianus Elwardus.,S.E",Yayasan Putra Persada Bakti,"Ende Ndona Lokoboko Jl. Jurusan Lokoboko - Watumbawu, RT.001/RW.001, Kel. Lokoboko, Kec. Ndona, Kab. Ende, Prov. Nusa Tenggara Timur NUSA TENGGARA TIMUR"
SPPG Enrekang Anggeraja Mampu,"Sangeran, Desa Mampu Kecamatan Anggeraja Kab. Enrekang Provinsi Sulwesi Selatan 91752, Mampu, Anggeraja, Kab. Enrekang, Sulawesi Selatan",17-09-2025,SULAWESI SELATAN,Wilayah III,Sulfikar Ramli,,"Enrekang Anggeraja Mampu Sangeran, Desa Mampu Kecamatan Anggeraja Kab. Enrekang Provinsi Sulwesi Selatan 91752, Mampu, Anggeraja, Kab. Enrekang, Sulawesi Selatan SULAWESI SELATAN"
SPPG Flores Timur Adonara Barat Waiwadan,"Jl. Trans Adonara, Dapur Ferdinando Bersaudara, Desa Waiwadan, Kecamatan Adonara Barat, Kabupaten Flores Timur, Provinsi Nusa Tenggara Timur",28-08-2025,NUSA TENGGARA TIMUR,Wilayah III,Wilfridus Atalawing Kebelen,,"Flores Timur Adonara Barat Waiwadan Jl. Trans Adonara, Dapur Ferdinando Bersaudara, Desa Waiwadan, Kecamatan Adonara Barat, Kabupaten Flores Timur, Provinsi Nusa Tenggara Timur NUSA TENGGARA TIMUR"
SPPG Garut Banyuresmi Sukaraja,"Kampung Pasir Lenca, RT 002 RW 011, Desa sukaraja, Kecamatan Banyuresmi, Kabupaten Garut, Provinsi Jawa Barat",23-06-2025,JAWA BARAT,Wilayah II,Hapad Nizala,Yayasan Guna Insan Mandiri,"Garut Banyuresmi Sukaraja Kampung Pasir Lenca, RT 002 RW 011, Desa sukaraja, Kecamatan Banyuresmi, Kabupaten Garut, Provinsi Jawa Barat JAWA BARAT"
SPPG Garut Cibalong Karyasari,"Jalan Raya Cibalong, Kampung Sindang Sari, RT 003/002 ",26-05-2025,JAWA BARAT,Wilayah II,Reza Mahandika,Yayasan Dapur Sehat Merah Putih,"Garut Cibalong Karyasari Jalan Raya Cibalong, Kampung Sindang Sari, RT 003/002  JAWA BARAT"
SPPG Garut Cikajang Giriawas,"Afdeling Situayu Blok Situayu 2 Kebun Cisaruni Kampung Sukagalih RT 01 RW 02 Desa Giriawas Kecamatan Cikajang Kabupaten Garut, Jawa Barat",03-09-2025,JAWA BARAT,Wilayah II,Sapa`at,,"Garut Cikajang Giriawas Afdeling Situayu Blok Situayu 2 Kebun Cisaruni Kampung Sukagalih RT 01 RW 02 Desa Giriawas Kecamatan Cikajang Kabupaten Garut, Jawa Barat JAWA BARAT"
SPPG Garut Cilawu Karyamekar,"Kp. Cigandok RT 03 RW 10 Desa Karyamekar Kecamatan Cilawu Kabupaten Garut, Jawa Barat",26-09-2025,JAWA BARAT,Wilayah II,Beni Astari,,"Garut Cilawu Karyamekar Kp. Cigandok RT 03 RW 10 Desa Karyamekar Kecamatan Cilawu Kabupaten Garut, Jawa Barat JAWA BARAT"
SPPG Garut Cisewu Mekarsewu,"Jl. Kampung Cibengang, Rt 02/Rw03, Desa Mekarsewu, Kecamatan Cisewu, Kabupaten Garut, Jawa Barat, Mekarsewu, Cisewu, Kab. Garut, Jawa Barat",01-09-2025,JAWA BARAT,Wilayah II,Dadan,,"Garut Cisewu Mekarsewu Jl. Kampung Cibengang, Rt 02/Rw03, Desa Mekarsewu, Kecamatan Cisewu, Kabupaten Garut, Jawa Barat, Mekarsewu, Cisewu, Kab. Garut, Jawa Barat JAWA BARAT"
SPPG Garut Cisurupan Pangauban 1,"Pangauban, Kecamatan Cisurupan, Kabupaten Garut (Depan Sekolah Sd Cipaganti), Jawa Barat",20-09-2025,JAWA BARAT,Wilayah II,Fikri Zulhaq Ramadhani,,"Garut Cisurupan Pangauban 1 Pangauban, Kecamatan Cisurupan, Kabupaten Garut (Depan Sekolah Sd Cipaganti), Jawa Barat JAWA BARAT"
SPPG Garut Karangtengah Cinta 2,"Desa Cinta, Kecamatan Karangtengah, Kabupaten Garut, Provinsi Jawa Barat, Kode Pos 44184. , Cinta, Karangtengah, Kab. Garut, Jawa Barat",29-08-2025,JAWA BARAT,Wilayah II,Sagita Megantara,,"Garut Karangtengah Cinta 2 Desa Cinta, Kecamatan Karangtengah, Kabupaten Garut, Provinsi Jawa Barat, Kode Pos 44184. , Cinta, Karangtengah, Kab. Garut, Jawa Barat JAWA BARAT"
SPPG Garut Pangatikan Cimaragas,"Kampung Babakan Tani, Rt 002/Rw 006, Desa Cimaragas, Kecamatan Pangatikan, Kabupaten Garut, Provinsi Jawa Barat",25-08-2025,JAWA BARAT,Wilayah II,Sandi Yosepa Ridwan,,"Garut Pangatikan Cimaragas Kampung Babakan Tani, Rt 002/Rw 006, Desa Cimaragas, Kecamatan Pangatikan, Kabupaten Garut, Provinsi Jawa Barat JAWA BARAT"
SPPG Garut Samarang Cintakarya 3,Kampung Pasir RT 05 RW 04 Desa Cintakarya Kecamatan Samarang Kabupaten Garut Provinsi Jawa Barat,22-09-2025,JAWA BARAT,Wilayah II,Intan Hartanti Rahmanningsih,,Garut Samarang Cintakarya 3 Kampung Pasir RT 05 RW 04 Desa Cintakarya Kecamatan Samarang Kabupaten Garut Provinsi Jawa Barat JAWA BARAT
SPPG Garut Sukawening Sukaluyu ,Kp Tagog RT 001 RW 001 Desa Sukaluyu Kecamatan Sukawening Kabupaten ,17-02-2025,JAWA BARAT,Wilayah II,Ladyna Supiyani,Yayasan Karya Utama Insani,Garut Sukawening Sukaluyu  Kp Tagog RT 001 RW 001 Desa Sukaluyu Kecamatan Sukawening Kabupaten  JAWA BARAT
SPPG Gayo Lues Blangpegayon Cinta Maju,"jalan Kong Bur Desa Cinta Maju, Kecamatan Blang Pegayon Kabupaten Gayo Lues , CINTA MAJU, BLANGPEGAYON, KAB. GAYO LUES, ACEH",19-08-2025,ACEH,Wilayah I,Arfako Dian Candra,,"Gayo Lues Blangpegayon Cinta Maju jalan Kong Bur Desa Cinta Maju, Kecamatan Blang Pegayon Kabupaten Gayo Lues , CINTA MAJU, BLANGPEGAYON, KAB. GAYO LUES, ACEH ACEH"
SPPG Gayo Lues Pining Pining,"Dusun Benteng Kampung Pining Kecamatan Pining, Kabupaten Gayo Lues, Aceh",17-10-2025,ACEH,Wilayah I,Tarmizi Taher,,"Gayo Lues Pining Pining Dusun Benteng Kampung Pining Kecamatan Pining, Kabupaten Gayo Lues, Aceh ACEH"
SPPG Gowa Bungaya Sapaya,Bone Baru Lingkungan Tinggi Balla,27-07-2025,SULAWESI SELATAN,Wilayah III,Andi Amri Yusuf Ramadan,,Gowa Bungaya Sapaya Bone Baru Lingkungan Tinggi Balla SULAWESI SELATAN
SPPG Gowa Pallangga Julukanaya,"Dusun Pancana, Desa Julukanaya, Kecamatan Pallangga, Kab. Gowa Rt 001/Rw 002 KodePos : 92177",26-05-2025,SULAWESI SELATAN,Wilayah III,Rahmat Hidayat Aksan,Yayasan Wahana Kesehatan dan Lingkungan Lestari Found Indonesia,"Gowa Pallangga Julukanaya Dusun Pancana, Desa Julukanaya, Kecamatan Pallangga, Kab. Gowa Rt 001/Rw 002 KodePos : 92177 SULAWESI SELATAN"
SPPG Grobogan Geyer Geyer,"Jalan Kauman Barat, RT 002/RW 003, Desa Geyer, Kecamatan Geyer, Kabupaten Grobogan, Provinsi Jawa Tengah",23-08-2025,JAWA TENGAH,Wilayah II,Muhammad Mukti Fajrul Falah,,"Grobogan Geyer Geyer Jalan Kauman Barat, RT 002/RW 003, Desa Geyer, Kecamatan Geyer, Kabupaten Grobogan, Provinsi Jawa Tengah JAWA TENGAH"
SPPG Grobogan Geyer Ledokdawan,"Dusun Muneng Rt 01 Rw 03, Ledokdawan, Kec. Geyer, Kab. Grobogan, Jawa Tengah",23-09-2025,JAWA TENGAH,Wilayah II,Agung Djaka Suryajaya,,"Grobogan Geyer Ledokdawan Dusun Muneng Rt 01 Rw 03, Ledokdawan, Kec. Geyer, Kab. Grobogan, Jawa Tengah JAWA TENGAH"
SPPG Grobogan Geyer Suru 1,"Jl. Raya Karangsono Lajer Karangwoyo Kulo, Kelurahan Suru, Kecamatan Geyer, Kabupaten Grobogan, Jawa Tengah",17-09-2025,JAWA TENGAH,Wilayah II,Gilbert Addrian Risky,,"Grobogan Geyer Suru 1 Jl. Raya Karangsono Lajer Karangwoyo Kulo, Kelurahan Suru, Kecamatan Geyer, Kabupaten Grobogan, Jawa Tengah JAWA TENGAH"
SPPG Grobogan Godong Pahesan,"Dusun Tungu Rt.08 Rw.01 Desa Pahesan, Kecamatan Godong, Kabupaten Grobogan, Jawa Tengah",12-10-2025,JAWA TENGAH,Wilayah II,Akhid Sofiyull Izza,,"Grobogan Godong Pahesan Dusun Tungu Rt.08 Rw.01 Desa Pahesan, Kecamatan Godong, Kabupaten Grobogan, Jawa Tengah JAWA TENGAH"
SPPG Grobogan Grobogan Grobogan 1,"Asrama Kodim 0717, RT 001, RW 004, Dusun  Pucang, Kelurahan Grobogan, Kecamatan Grobogan, Kabupaten Grobogan",17-02-2025,JAWA TENGAH,Wilayah II,Dyon Novan Prawira,Yayasan Asra Bakti Maritim,"Grobogan Grobogan Grobogan 1 Asrama Kodim 0717, RT 001, RW 004, Dusun  Pucang, Kelurahan Grobogan, Kecamatan Grobogan, Kabupaten Grobogan JAWA TENGAH"
SPPG Grobogan Tawangharjo Plosorejo,"Dusun Ploso, RT 004/RW 001, Desa Plosorejo, Kecamatan Tawangharjo, Kabupaten Grobogan, Provinsi Jawa Tengah",23-08-2025,JAWA TENGAH,Wilayah II,Yanuwar Valentinno Setia Abadi,,"Grobogan Tawangharjo Plosorejo Dusun Ploso, RT 004/RW 001, Desa Plosorejo, Kecamatan Tawangharjo, Kabupaten Grobogan, Provinsi Jawa Tengah JAWA TENGAH"
SPPG Grobogan Tawangharjo Pulongrambe,"Dusun Mayang, Desa Pulongrambe RT 16 RW 03 Kecamatan Tawangharjo Kabupaten Grobogan",28-07-2025,JAWA TENGAH,Wilayah II,Dwi Bayu Kurniawan,Yayasan Alfi Rahma Fadila,"Grobogan Tawangharjo Pulongrambe Dusun Mayang, Desa Pulongrambe RT 16 RW 03 Kecamatan Tawangharjo Kabupaten Grobogan JAWA TENGAH"
SPPG Halmahera Barat Sahu Timur Akelamo,"Desa Akelamo Samping Indomaret Rt/Rw 003/003 Kec. Sahu Timur Kab. Halmahera Barat, Akelamo, Sahu Timur, Kab. Halmahera Barat, Maluku Utara",25-09-2025,MALUKU UTARA,Wilayah III,Hasanudin Mustafa,,"Halmahera Barat Sahu Timur Akelamo Desa Akelamo Samping Indomaret Rt/Rw 003/003 Kec. Sahu Timur Kab. Halmahera Barat, Akelamo, Sahu Timur, Kab. Halmahera Barat, Maluku Utara MALUKU UTARA"
SPPG Indragiri Hilir Keritang Kota Baru Seberida,"Jl. Syekh Abdurrahman Yakub Parit 03 Dusun Teladan Rt /Rw 01/01, Kota Baru Seberida, Keritang, Kabupaten Indragiri Hilir, Riau",03-09-2025,RIAU,Wilayah I,Muhajir,,"Indragiri Hilir Keritang Kota Baru Seberida Jl. Syekh Abdurrahman Yakub Parit 03 Dusun Teladan Rt /Rw 01/01, Kota Baru Seberida, Keritang, Kabupaten Indragiri Hilir, Riau RIAU"
SPPG Indramayu Arahan Linggajati,"Blok Kibuyut Rt. 001 Rw. 002, Linggajati, Arahan, Kabupaten Indramayu, Jawa Barat",15-09-2025,JAWA BARAT,Wilayah II,Moh. Nawawi,,"Indramayu Arahan Linggajati Blok Kibuyut Rt. 001 Rw. 002, Linggajati, Arahan, Kabupaten Indramayu, Jawa Barat JAWA BARAT"
SPPG Indramayu Karangampel Karangampel,"Jl. Raya Barat Karangampel Blok Gang Bulandesa Karang Ampel Rt 10 Rw 03 Kec. Karang Ampel Kab.&amp;amp;amp;amp;amp;amp;nbsp;Indramayu, Jawa Barat",03-10-2025,JAWA BARAT,Wilayah II,Nurlaeni Faizal,,"Indramayu Karangampel Karangampel Jl. Raya Barat Karangampel Blok Gang Bulandesa Karang Ampel Rt 10 Rw 03 Kec. Karang Ampel Kab.&amp;amp;amp;amp;amp;amp;nbsp;Indramayu, Jawa Barat JAWA BARAT"
SPPG Jakut Cilincing Marunda,"Jl. Marunda Baru Rt 12 Rw 03 Kelurahan Marunda Kec.&amp;amp;amp;amp;amp;amp;nbsp;Ceilincing, Kota Adm. Jakarta Utara, Dki Jakarta",24-09-2025,DKI JAKARTA,Wilayah II,Louise David Haganta,,"Jakut Cilincing Marunda Jl. Marunda Baru Rt 12 Rw 03 Kelurahan Marunda Kec.&amp;amp;amp;amp;amp;amp;nbsp;Ceilincing, Kota Adm. Jakarta Utara, Dki Jakarta DKI JAKARTA"
SPPG Jayapura Kemtuk Kwansu,"Jl. Karya Bumi Kwansu, RT. 02/RW. 01 kec Kemtuk,",30-06-2025,P A P U A,Wilayah III,Yuliyanti Beno,Yayasan Pelita Perabu Berjaya Indonesia,"Jayapura Kemtuk Kwansu Jl. Karya Bumi Kwansu, RT. 02/RW. 01 kec Kemtuk, P A P U A"
SPPG Jember Sukorambi Karangpring,"Dusun Gendir Karangpring Sukorambi Jember, Karangpring, Sukorambi, Kabupaten Jember, Jawa Timur",11-10-2025,JAWA TIMUR,Wilayah II,Anton Wijaya,,"Jember Sukorambi Karangpring Dusun Gendir Karangpring Sukorambi Jember, Karangpring, Sukorambi, Kabupaten Jember, Jawa Timur JAWA TIMUR"
SPPG Jepara Donorojo Blingoh,Dukuh KRAJAN RT 005 RW 001 DESA BLINGOH KECAMATAN DONOROJO KABUPATEN JEPARA,19-08-2025,JAWA TENGAH,Wilayah II,Naila Ufiidatul Uzkiyyah,,Jepara Donorojo Blingoh Dukuh KRAJAN RT 005 RW 001 DESA BLINGOH KECAMATAN DONOROJO KABUPATEN JEPARA JAWA TENGAH
SPPG Jepara Keling Jlegong,"Jl. Raya Kelet-Bangsri, Dukuh Krajan, RT 001 RW 001, Desa Jlegong, Kecamatan Keling, Kabupaten Jepara",23-06-2025,JAWA TENGAH,Wilayah II,Nuha Fadhilah Oktaviana,Yayasan Al Fitroh Watuaji,"Jepara Keling Jlegong Jl. Raya Kelet-Bangsri, Dukuh Krajan, RT 001 RW 001, Desa Jlegong, Kecamatan Keling, Kabupaten Jepara JAWA TENGAH"
SPPG Jepara Keling Kaligarang,"Dukuh Karang Anyar Rt 005 Rw 002 Desa Kaligarang Kecamatan Keling Kabupaten Jepara, Jawa Tengah",15-10-2025,JAWA TENGAH,Wilayah II,Li`Izzah Diana Manzil,,"Jepara Keling Kaligarang Dukuh Karang Anyar Rt 005 Rw 002 Desa Kaligarang Kecamatan Keling Kabupaten Jepara, Jawa Tengah JAWA TENGAH"
SPPG Jombang Kabuh Mangunan,"Dusun Brumbung Rt/Rw 001/004 Desa Mangunan, Kecamatan Kabuh, Kabupaten Jombang, Jawa Timuir, Mangunan, Kabuh, Kab. Jombang, Jawa Timur",12-09-2025,JAWA TIMUR,Wilayah II,Cakra Rizky Fortuna,,"Jombang Kabuh Mangunan Dusun Brumbung Rt/Rw 001/004 Desa Mangunan, Kecamatan Kabuh, Kabupaten Jombang, Jawa Timuir, Mangunan, Kabuh, Kab. Jombang, Jawa Timur JAWA TIMUR"
SPPG Kaimana Kaimana Kaimana Kota 2,"Jl. Perumahan DPR, air tiba, kelurahan Krooy Kecamatan Kaimana ",17-03-2025,PAPUA BARAT,Wilayah III,Muhammad Akmal Rahman,Yayasan Kasih El-Shaday,"Kaimana Kaimana Kaimana Kota 2 Jl. Perumahan DPR, air tiba, kelurahan Krooy Kecamatan Kaimana  PAPUA BARAT"
SPPG Kampar Kampa Kampar 2,"RT.001/RW.002, Dusun IV Pinantan, Kel/Desa Kampar, Kec. Kampa, Kab. Kampar, Riau",16-09-2025,RIAU,Wilayah I,Rudi Cahyadi,,"Kampar Kampa Kampar 2 RT.001/RW.002, Dusun IV Pinantan, Kel/Desa Kampar, Kec. Kampa, Kab. Kampar, Riau RIAU"
SPPG Kampar Kampa Kampar 3,"Jl. Pinatan Dusun II Pasar Selatan, Rt/Rw 001/002 Desa Kampar, Kec. Kampa, Kab. Kampar, Riau",09-10-2025,RIAU,Wilayah I,Rio Anugrah Akbar,,"Kampar Kampa Kampar 3 Jl. Pinatan Dusun II Pasar Selatan, Rt/Rw 001/002 Desa Kampar, Kec. Kampa, Kab. Kampar, Riau RIAU"
SPPG Kampar Kampar Pulau Sarak," RT 002 RW 001 Dusun Nonca Godang Desa Pulau Sarak, Kecamatan Kampar, Kabupaten Kampar, Provinsi Riau",30-08-2025,RIAU,Wilayah I,Septiyan Eko Widianto,,"Kampar Kampar Pulau Sarak  RT 002 RW 001 Dusun Nonca Godang Desa Pulau Sarak, Kecamatan Kampar, Kabupaten Kampar, Provinsi Riau RIAU"
SPPG Kampar Kampar Utara Sungai Tonang,"RT 001/RW 001, Dusun 2, Desa Sungai Tonang, Kecamatan Kampar Utara, Kabupaten Kampar, Provinsi Riau",11-08-2025,RIAU,Wilayah I,Ulul Azmi Amri,,"Kampar Kampar Utara Sungai Tonang RT 001/RW 001, Dusun 2, Desa Sungai Tonang, Kecamatan Kampar Utara, Kabupaten Kampar, Provinsi Riau RIAU"
SPPG Kampar Kuok Pulau Jambu 3,"Jalan Pulau Balai, Desa Pulau Jambu, Kecamatan Kuok,Kabupate Kampar Provinsi Riau",21-08-2025,RIAU,Wilayah I,Rezki Kurniawan,,"Kampar Kuok Pulau Jambu 3 Jalan Pulau Balai, Desa Pulau Jambu, Kecamatan Kuok,Kabupate Kampar Provinsi Riau RIAU"
SPPG Kampar Pehentian Raja Hangtuah,"Jl. Lingga
Jalur 7, SP 1
RT 015/ RW 004
",05-05-2025,RIAU,Wilayah I,Galih Nursaka Bianto,Yayasan Saung Awi Panyawangan,"Kampar Pehentian Raja Hangtuah Jl. Lingga
Jalur 7, SP 1
RT 015/ RW 004
 RIAU"
SPPG Kampar Rumbio Jaya Simpang Petai,"Dusun III Kubu Cubadak, Desa Simpang Petai, Kec. Rumbio Jaya, Kab. Kampar,&amp;amp;amp;amp;nbsp;Riau",13-06-2025,RIAU,Wilayah I,Samsul bahtiar,Yayasan Srikandi Barokah Utama,"Kampar Rumbio Jaya Simpang Petai Dusun III Kubu Cubadak, Desa Simpang Petai, Kec. Rumbio Jaya, Kab. Kampar,&amp;amp;amp;amp;nbsp;Riau RIAU"
SPPG Kampar Tambang Sungai Pinang 2,"Rt 002/Rt 001 Dusun 2 Desa Sungai Pinang Kecamatan Tambang Kabupaten Kampar, Riau",01-10-2025,RIAU,Wilayah I,Rezky Abdillah,,"Kampar Tambang Sungai Pinang 2 Rt 002/Rt 001 Dusun 2 Desa Sungai Pinang Kecamatan Tambang Kabupaten Kampar, Riau RIAU"
SPPG Kampar Tambang Tambang,"Dusun Ii Sei Putih, Desa Kualu Nenas Kecamatan Tambang, Tambang, Kabupaten Kampar, Riau",26-09-2025,RIAU,Wilayah I,Ridwan,,"Kampar Tambang Tambang Dusun Ii Sei Putih, Desa Kualu Nenas Kecamatan Tambang, Tambang, Kabupaten Kampar, Riau RIAU"
SPPG Kampar Tapung Bencah Kelubi,Rt 012 Rw 005 Dusun 02 Desa Benca Kelubi Kecamatan Tapung Kabupaten Kampar Provinsi Riau,29-09-2025,RIAU,Wilayah I,Elgha Marenthis Purba,,Kampar Tapung Bencah Kelubi Rt 012 Rw 005 Dusun 02 Desa Benca Kelubi Kecamatan Tapung Kabupaten Kampar Provinsi Riau RIAU
SPPG Kampar Tapung Hulu Sukaramai,"Desa Sukaramai Dusun 3 Handayani Rt 01 Rw 01 Kecamatan Tapung Hulu, Kabupaten Kampar, Provinsi Riau",30-08-2025,RIAU,Wilayah I,Yuda Prasetiyo,,"Kampar Tapung Hulu Sukaramai Desa Sukaramai Dusun 3 Handayani Rt 01 Rw 01 Kecamatan Tapung Hulu, Kabupaten Kampar, Provinsi Riau RIAU"
SPPG Kampar Tapung Mukti Sari,Jl. Kopi Rt/Rw 001/001 Desa Muktisari Kecamatan Tapung Kabupaten Kampar Provinsi Riau ,27-08-2025,RIAU,Wilayah I,Sari Nauli Sinaga,,Kampar Tapung Mukti Sari Jl. Kopi Rt/Rw 001/001 Desa Muktisari Kecamatan Tapung Kabupaten Kampar Provinsi Riau  RIAU
SPPG Kampar Tapung Petapahan 2,"Dusun II Petapahan Rt 019 Rw 005, Desa Petapahan, Kec. Tapung. Prov. Riau, Petapahan, Tapung, Kab. Kampar, Riau",29-08-2025,RIAU,Wilayah I,Dawani Makdalena Manik,,"Kampar Tapung Petapahan 2 Dusun II Petapahan Rt 019 Rw 005, Desa Petapahan, Kec. Tapung. Prov. Riau, Petapahan, Tapung, Kab. Kampar, Riau RIAU"
SPPG Kampar Tapung Sungai Lambu Makmur,Rt 011 Rw 004 Desa Sungai Lambu Makmur Kecamatan Tapung Kabupaten Kampar Provinsi Riau,24-08-2025,RIAU,Wilayah I,Dahlia Fatresia Sitorus,,Kampar Tapung Sungai Lambu Makmur Rt 011 Rw 004 Desa Sungai Lambu Makmur Kecamatan Tapung Kabupaten Kampar Provinsi Riau RIAU
SPPG Karanganyar Tasikmadu Pandeyan,"Jalan Raya Kebakkramat - Tasikmadu Titang Rt.01 Rw.03, Pandeyan, Kec. Tasikmadu, Kab, Karanganyar, Jawa Tengah",01-09-2025,JAWA TENGAH,Wilayah II,Arwanda Tulus Kurniyanto,,"Karanganyar Tasikmadu Pandeyan Jalan Raya Kebakkramat - Tasikmadu Titang Rt.01 Rw.03, Pandeyan, Kec. Tasikmadu, Kab, Karanganyar, Jawa Tengah JAWA TENGAH"
SPPG Karangasem Kubu Dukuh,"Jl. Raya Amlapura-Singaraja, Desa Dukuh, Kec. Kubu, Kab. Karangasem, Prov. Bali",21-07-2025,BALI,Wilayah III,I Komang Juliantara,Yayasan Agung Jaya Mandiri,"Karangasem Kubu Dukuh Jl. Raya Amlapura-Singaraja, Desa Dukuh, Kec. Kubu, Kab. Karangasem, Prov. Bali BALI"
SPPG Karawang Karawang Barat Tanjungmekar,"Jalan Raden Arya Harisapta, KW 7 RT 009/RW 015, Kampung Kertijata, Desa Tanjung Mekar, Kecamatan Karawang Barat, Kabupaten Karawang, Provinsi Jawa Barat",16-09-2025,JAWA BARAT,Wilayah II,Jordiansyah Simto Sinaga,,"Karawang Karawang Barat Tanjungmekar Jalan Raden Arya Harisapta, KW 7 RT 009/RW 015, Kampung Kertijata, Desa Tanjung Mekar, Kecamatan Karawang Barat, Kabupaten Karawang, Provinsi Jawa Barat JAWA BARAT"
SPPG Kayong Utara Seponti Seponti Jaya,"Jl. Kampung Baru Komplek Pasar Rt/Rw 012/004 Desa Seponti Jaya Kec. Seponti Kab. Kayong Utara Provinsi, Kalimantan Barat",30-09-2025,KALIMANTAN BARAT,Wilayah III,Asnawi,,"Kayong Utara Seponti Seponti Jaya Jl. Kampung Baru Komplek Pasar Rt/Rw 012/004 Desa Seponti Jaya Kec. Seponti Kab. Kayong Utara Provinsi, Kalimantan Barat KALIMANTAN BARAT"
SPPG Kebumen Buluspesantren Ampih,"Dk. Klampean, RT01/RW05, Desa Ampih, Kecamatan Buluspesantren, Kabupaten Kebumen, Provinsi Jawa Tengah ",30-08-2025,JAWA TENGAH,Wilayah II,Yusriyatul Maghfiroh,,"Kebumen Buluspesantren Ampih Dk. Klampean, RT01/RW05, Desa Ampih, Kecamatan Buluspesantren, Kabupaten Kebumen, Provinsi Jawa Tengah  JAWA TENGAH"
SPPG Kebumen Karanggayam Gunungsari,"Dusun Gunungsari, Rt 005/Rw 004, Desa Gunungsari, Kecamatan Karanggayam, Kabupaten Kebumen, Provinsi Jawa Tengah",25-08-2025,JAWA TENGAH,Wilayah II,M. Ilham Fauzi,,"Kebumen Karanggayam Gunungsari Dusun Gunungsari, Rt 005/Rw 004, Desa Gunungsari, Kecamatan Karanggayam, Kabupaten Kebumen, Provinsi Jawa Tengah JAWA TENGAH"
SPPG Kebumen Kutowinangun Karangsari,"Dukuh Jetis Lor, RT. OO2 RW. 002, Desa Karangsari, Kecamatan Kutowinangun, Kabupaten ",11-08-2025,JAWA TENGAH,Wilayah II,Muhammad David,,"Kebumen Kutowinangun Karangsari Dukuh Jetis Lor, RT. OO2 RW. 002, Desa Karangsari, Kecamatan Kutowinangun, Kabupaten  JAWA TENGAH"
SPPG Kebumen Kutowinangun Kutowinangun,"Jl. Raya kutowinangun, Dukuh kauman rt 001 rw 005 desa kutowinangun kecamatan kutowinangun kabupaten&amp;amp;amp;amp;nbsp;kebumen&amp;amp;amp;amp;nbsp;JATENG",23-06-2025,JAWA TENGAH,Wilayah II,Aliffian nurfaiz,Yayasan Lestari Setia Abadi,"Kebumen Kutowinangun Kutowinangun Jl. Raya kutowinangun, Dukuh kauman rt 001 rw 005 desa kutowinangun kecamatan kutowinangun kabupaten&amp;amp;amp;amp;nbsp;kebumen&amp;amp;amp;amp;nbsp;JATENG JAWA TENGAH"
SPPG Kediri Grogol Bakalan,"Ruko Larenia Sumber Rejeki, Jl. Raya Banyakan No. 200  Ds. Bakalan, Kec. Grogol, Kabupaten Kediri",20-08-2025,JAWA TIMUR,Wilayah II,Rijal Camelta Ghozwan,,"Kediri Grogol Bakalan Ruko Larenia Sumber Rejeki, Jl. Raya Banyakan No. 200  Ds. Bakalan, Kec. Grogol, Kabupaten Kediri JAWA TIMUR"
SPPG Kendal Kangkung Kalirejo,"Dusun Limbangan, RT 003/RW 003, Desa Kalirejo, Kecamatan Kangkung, Kabupaten Kendal, Provinsi Jawa Tengah",23-08-2025,JAWA TENGAH,Wilayah II,Titik Nurnia Like,,"Kendal Kangkung Kalirejo Dusun Limbangan, RT 003/RW 003, Desa Kalirejo, Kecamatan Kangkung, Kabupaten Kendal, Provinsi Jawa Tengah JAWA TENGAH"
SPPG Kendal Ngampel Sudipayung,JALAN KAMPIR RT 01 RW 05 DESA SUDIPAYUNG KECAMATAN NGAMPEL KABUPATEN KENDAL ,21-07-2025,JAWA TENGAH,Wilayah II,WAWAN SETIONO,,Kendal Ngampel Sudipayung JALAN KAMPIR RT 01 RW 05 DESA SUDIPAYUNG KECAMATAN NGAMPEL KABUPATEN KENDAL  JAWA TENGAH
SPPG Kendal Patebon Purwokerto 1,"Jalan Mliwisno Nomor 1, RT 003/RW 006, Kelurahan Purwokerto, Kecamatan Patebon, Kabupaten Kendal, Provinsi Jawa Tengah",23-08-2025,JAWA TENGAH,Wilayah II,Singgih Ilham Kurniawan,,"Kendal Patebon Purwokerto 1 Jalan Mliwisno Nomor 1, RT 003/RW 006, Kelurahan Purwokerto, Kecamatan Patebon, Kabupaten Kendal, Provinsi Jawa Tengah JAWA TENGAH"
SPPG Kep. Selayar Bontomanai Parak,Jl. Poros Benteng-Pammatata KM 5,10-06-2025,SULAWESI SELATAN,Wilayah III,Andi Nur Egidia Fahmi Ayu,Yayasan Assoong Kabajikang Silajara,Kep. Selayar Bontomanai Parak Jl. Poros Benteng-Pammatata KM 5 SULAWESI SELATAN
SPPG Kep. Siau Tagulandang Biaro Siau Timur Tatahadeng,"Desa Tatahadeng Kecamatan Siau Timur Kab. Kepulauan Sitaro Provinsi Sulawesi Utara, Tatahadeng, Siau Timur, Kab. Kep. Siau Tagulandang Biaro, Sulawesi Utara",17-09-2025,SULAWESI UTARA,Wilayah III,Jeklyn Liunsanda,,"Kep. Siau Tagulandang Biaro Siau Timur Tatahadeng Desa Tatahadeng Kecamatan Siau Timur Kab. Kepulauan Sitaro Provinsi Sulawesi Utara, Tatahadeng, Siau Timur, Kab. Kep. Siau Tagulandang Biaro, Sulawesi Utara SULAWESI UTARA"
SPPG Kepulauan Meranti Rangsang Pesisir Bungur,"Jl. Mil Majid, Dusun 1 Batin Kerimbang, Rt.003/Rw.001, Desa Bungur, Kec. Rangsang Pesisir, Kab. Kepulauan Meranti, Riau",18-10-2025,RIAU,Wilayah I,Khairul Bakri,,"Kepulauan Meranti Rangsang Pesisir Bungur Jl. Mil Majid, Dusun 1 Batin Kerimbang, Rt.003/Rw.001, Desa Bungur, Kec. Rangsang Pesisir, Kab. Kepulauan Meranti, Riau RIAU"
SPPG Kepulauan Tanimbar Tanimbar Selatan Olilit Raya,"Jl. Insinyur Soekarno, No 72. Desa Olilit Kecamatan Tanimbar Selatan, Kabupaten Kepulauan Tanimbar",01-09-2025,MALUKU,Wilayah III,Jeni Fiana Bauw,,"Kepulauan Tanimbar Tanimbar Selatan Olilit Raya Jl. Insinyur Soekarno, No 72. Desa Olilit Kecamatan Tanimbar Selatan, Kabupaten Kepulauan Tanimbar MALUKU"
SPPG Ketapang Delta Pawan Suka Harja 2,"Jl. Brigjen Katamso GG. 
Keluarga No. 12 RT. 14 RW 
3, Kel. Sukaharja, Kec. Delta 
Pawan, Kab. Ketapang, 
Kalimantan Barat",17-02-2025,KALIMANTAN BARAT,Wilayah III,Novia Ramadianti,,"Ketapang Delta Pawan Suka Harja 2 Jl. Brigjen Katamso GG. 
Keluarga No. 12 RT. 14 RW 
3, Kel. Sukaharja, Kec. Delta 
Pawan, Kab. Ketapang, 
Kalimantan Barat KALIMANTAN BARAT"
SPPG Ketapang Kendawangan Kendawangan Kiri,"Jln. Karya Bersama Rt.002 Rw.001 Dusun Sukadamai Desa Kendawangan kiri, kecamatan Kendawangan Kabupaten Ketapang, Kalimantan Barat",18-08-2025,KALIMANTAN BARAT,Wilayah III,Ardoni,,"Ketapang Kendawangan Kendawangan Kiri Jln. Karya Bersama Rt.002 Rw.001 Dusun Sukadamai Desa Kendawangan kiri, kecamatan Kendawangan Kabupaten Ketapang, Kalimantan Barat KALIMANTAN BARAT"
SPPG Klaten Bayat Jotangan,"Gatak Rt 001 Rw 005 , Jotangan, Kecamatan Bayat, Kabupaten Klaten, Jawa Tengah",24-09-2025,JAWA TENGAH,Wilayah II,Kresna Yudhistira,,"Klaten Bayat Jotangan Gatak Rt 001 Rw 005 , Jotangan, Kecamatan Bayat, Kabupaten Klaten, Jawa Tengah JAWA TENGAH"
SPPG Klaten Jogonalan Prawatan,"Jl. Al-Madinah, Ngemplak, Prawatan, Kec. Jogonalan, Kabupaten Klaten, Jawa Tengah ",24-09-2025,JAWA TENGAH,Wilayah II,Ario Yugo Wicaksono,,"Klaten Jogonalan Prawatan Jl. Al-Madinah, Ngemplak, Prawatan, Kec. Jogonalan, Kabupaten Klaten, Jawa Tengah  JAWA TENGAH"
SPPG Klaten Wedi Pacing,"Dusun II, Pacing, Kec. Wedi, Kabupaten Klaten, Jawa Tengah 57461, Pacing, Wedi, Kabupaten Klaten, Jawa Tengah",02-10-2025,JAWA TENGAH,Wilayah II,Rifqi Aufa Endrianata,,"Klaten Wedi Pacing Dusun II, Pacing, Kec. Wedi, Kabupaten Klaten, Jawa Tengah 57461, Pacing, Wedi, Kabupaten Klaten, Jawa Tengah JAWA TENGAH"
SPPG Kolaka Timur Mowewe Horodopi,"Kel. Horodopi, Rt/Rw :003/003, Kelurahan Horodopi, Kecamatan Mowewe, Kabupaten Kolaka Timur, Provensi Sulawesi Tenggara",27-08-2025,SULAWESI TENGGARA,Wilayah III,Agusyanto,,"Kolaka Timur Mowewe Horodopi Kel. Horodopi, Rt/Rw :003/003, Kelurahan Horodopi, Kecamatan Mowewe, Kabupaten Kolaka Timur, Provensi Sulawesi Tenggara SULAWESI TENGGARA"
SPPG Kolaka Timur Tirawuta Woiha,"Desa woiha, Lorong Padawulo",20-03-2025,SULAWESI TENGGARA,Wilayah III,Uwais Alkarni,Yayasan Bowo Garuda Indonesia,"Kolaka Timur Tirawuta Woiha Desa woiha, Lorong Padawulo SULAWESI TENGGARA"
SPPG Kolaka Utara Katoi Ujung Tobaku,"Jalan Poros Oloho-Loho , Lasusua, Desa Ujung Tobaku, Kecamatan Katoi",25-08-2025,SULAWESI TENGGARA,Wilayah III,Fahrul Alsal Sani,,"Kolaka Utara Katoi Ujung Tobaku Jalan Poros Oloho-Loho , Lasusua, Desa Ujung Tobaku, Kecamatan Katoi SULAWESI TENGGARA"
SPPG Konawe Wawotobi Kasupute,"JALAN TERONG, GRIYA 21 MOKOAU, BLOK B, NOMOR 10",22-08-2025,SULAWESI TENGGARA,Wilayah III,Gilang,,"Konawe Wawotobi Kasupute JALAN TERONG, GRIYA 21 MOKOAU, BLOK B, NOMOR 10 SULAWESI TENGGARA"
SPPG Kota Balikpapan Balikpapan Timur Manggar,"Jl. Gang Amal Rt&amp;amp;amp;amp;amp;amp;nbsp;19&amp;amp;amp;amp;amp;amp;nbsp;No&amp;amp;amp;amp;amp;amp;nbsp;27, Manggar, Balikpapan Timur, Kota Balikpapan, Kalimantan Timur",09-09-2025,KALIMANTAN TIMUR,Wilayah III,Prisylia Dea Andani,,"Kota Balikpapan Balikpapan Timur Manggar Jl. Gang Amal Rt&amp;amp;amp;amp;amp;amp;nbsp;19&amp;amp;amp;amp;amp;amp;nbsp;No&amp;amp;amp;amp;amp;amp;nbsp;27, Manggar, Balikpapan Timur, Kota Balikpapan, Kalimantan Timur KALIMANTAN TIMUR"
SPPG Kota Bandar Lampung Tanjung Senang Way Kandis,"Jl. M Yunus Ujung No.5 Kel. Way Kandis Kecamatan Tanjung Senang Bandar Lampung, Way Kandis, Kecamatan Tanjung Senang, Kota Bandar Lampung, Lampung",28-08-2025,LAMPUNG,Wilayah I,Salsabila Audyanisa,,"Kota Bandar Lampung Tanjung Senang Way Kandis Jl. M Yunus Ujung No.5 Kel. Way Kandis Kecamatan Tanjung Senang Bandar Lampung, Way Kandis, Kecamatan Tanjung Senang, Kota Bandar Lampung, Lampung LAMPUNG"
SPPG Kota Batam Nongsa Kabil 1,"Komplek Ruko CNN Blok E 1 Nomor 7, Kawasan Citra Tupindo, Kelurahan Kabil, Kecamatan Nongsa, Kota Batam, Provinsi Kepulauan Riau",11-08-2025,KEPULAUAN RIAU,Wilayah I,Siprianus Willson Sinaga,,"Kota Batam Nongsa Kabil 1 Komplek Ruko CNN Blok E 1 Nomor 7, Kawasan Citra Tupindo, Kelurahan Kabil, Kecamatan Nongsa, Kota Batam, Provinsi Kepulauan Riau KEPULAUAN RIAU"
SPPG Kota Batam Nongsa Sambau," Kavling Nongsa RT 003 RW 004, Sambau, Nongsa, Kota Batam",21-07-2025,KEPULAUAN RIAU,Wilayah I,Syafrizal,Yayasan Darush Sholihin Batam,"Kota Batam Nongsa Sambau  Kavling Nongsa RT 003 RW 004, Sambau, Nongsa, Kota Batam KEPULAUAN RIAU"
SPPG Kota Jayapura Heram Yabansai 3,"Jl. Belakang Sma Pgri Perumnas III Hm 01271, Rt 000 Rw 000, Yabansai, Kec. Heram, Kota Jayapura Papua, 99331",08-09-2025,P A P U A,Wilayah III,Jowenry Ronaldo,,"Kota Jayapura Heram Yabansai 3 Jl. Belakang Sma Pgri Perumnas III Hm 01271, Rt 000 Rw 000, Yabansai, Kec. Heram, Kota Jayapura Papua, 99331 P A P U A"
SPPG Kota Jayapura Muara Tami Koya Barat,"Jl. Abepura 1 Belakang Pondok Pesantren Modern Darussalam, Kelurahan Koya Barat, Kecamatan Muara Tami, Kota Jayapura, Provinsi Papua, 99351",01-09-2025,P A P U A,Wilayah III,Sahid Muslim,,"Kota Jayapura Muara Tami Koya Barat Jl. Abepura 1 Belakang Pondok Pesantren Modern Darussalam, Kelurahan Koya Barat, Kecamatan Muara Tami, Kota Jayapura, Provinsi Papua, 99351 P A P U A"
SPPG Kota Langsa Langsa Baro Paya Bujok Tunong 2,"Jl. Seulanga No 27 Desa Paya Bujok Tunong Kec. Langsa Baro Kota Langsa, Paya Bujok Tunong, Langsa Baro, Kota Langsa, Aceh",02-09-2025,ACEH,Wilayah I,Saidina Akbar,,"Kota Langsa Langsa Baro Paya Bujok Tunong 2 Jl. Seulanga No 27 Desa Paya Bujok Tunong Kec. Langsa Baro Kota Langsa, Paya Bujok Tunong, Langsa Baro, Kota Langsa, Aceh ACEH"
SPPG Kota Lubuk Linggau Lubuk Linggau Selatan II Moneng Sepati,"Jl. Asrama Haji, No 056, Rt 002, Rw 000, Moneng Sepati, Lubuk Linggau Selatan Ii, Moneng Sepati",28-08-2025,SUMATERA SELATAN,Wilayah I,Mardiah Fetriani,,"Kota Lubuk Linggau Lubuk Linggau Selatan II Moneng Sepati Jl. Asrama Haji, No 056, Rt 002, Rw 000, Moneng Sepati, Lubuk Linggau Selatan Ii, Moneng Sepati SUMATERA SELATAN"
SPPG Kota Padang Koto Tangah Ikua Koto,"Komplek Perumahan Hippocrates Blok A No. 4, Koto Panjang Ikur Koto, Kecamatan Koto Tangah, Kota Padang, Sumatera Barat",19-08-2025,SUMATERA BARAT,Wilayah I,Fitri Rahmah,,"Kota Padang Koto Tangah Ikua Koto Komplek Perumahan Hippocrates Blok A No. 4, Koto Panjang Ikur Koto, Kecamatan Koto Tangah, Kota Padang, Sumatera Barat SUMATERA BARAT"
SPPG Kota Palembang Seberang Ulu Satu 5 Ulu ,Perumahan OPI Cemara No. 2 RT. 41 Kel. 15 Ulu Kec. Seberang Ulu 1,24-02-2025,SUMATERA SELATAN,Wilayah I,Putri Hijir Khairani,Yayasan Sahabat Sampai Surga,Kota Palembang Seberang Ulu Satu 5 Ulu  Perumahan OPI Cemara No. 2 RT. 41 Kel. 15 Ulu Kec. Seberang Ulu 1 SUMATERA SELATAN
SPPG Kota Parepare Bacukiki Barat Bumi Harapan,"Jl. Hikmah Kel Bumi Harapan, Kec. Bacukiki Barat, Kota Pare pare, Prov Sulawesi Selatan, BUMI HARAPAN, BACUKIKI BARAT, KOTA PARE PARE, SULAWESI SELATAN",19-08-2025,SULAWESI SELATAN,Wilayah III,"Muhammad Agung Baderuddin,S.Kep",,"Kota Parepare Bacukiki Barat Bumi Harapan Jl. Hikmah Kel Bumi Harapan, Kec. Bacukiki Barat, Kota Pare pare, Prov Sulawesi Selatan, BUMI HARAPAN, BACUKIKI BARAT, KOTA PARE PARE, SULAWESI SELATAN SULAWESI SELATAN"
SPPG Kota Payakumbuh Payakumbuh Utara Kapalo Koto Dibalai,"Jl. Utama No 19, Lingkungan Balai Baru, Rt 02 Rw 07, Kel. Kapalo Koto Dibalai, Kec. Payakumbuh Utara, Kota Payakumbuh, Kapalo Koto Dibalai, Payakumbuh Utara, Kota Payakumbuh, Sumatera Barat",31-08-2025,SUMATERA BARAT,Wilayah I,Rivo Vernando,,"Kota Payakumbuh Payakumbuh Utara Kapalo Koto Dibalai Jl. Utama No 19, Lingkungan Balai Baru, Rt 02 Rw 07, Kel. Kapalo Koto Dibalai, Kec. Payakumbuh Utara, Kota Payakumbuh, Kapalo Koto Dibalai, Payakumbuh Utara, Kota Payakumbuh, Sumatera Barat SUMATERA BARAT"
SPPG Kota Prabumulih Rambang Kpk Tengah Karangan,"Jalan Prabumulih&amp;amp;amp;amp;amp;amp;ndash;Baturaja, Kelurahan Karangan, Kecamatan Rambang Kapak Tengah (Depan Spbu Karangan), Kota Prabumulih, Sumatera Selatan",28-08-2025,SUMATERA SELATAN,Wilayah I,Muhammad Wahidin,,"Kota Prabumulih Rambang Kpk Tengah Karangan Jalan Prabumulih&amp;amp;amp;amp;amp;amp;ndash;Baturaja, Kelurahan Karangan, Kecamatan Rambang Kapak Tengah (Depan Spbu Karangan), Kota Prabumulih, Sumatera Selatan SUMATERA SELATAN"
SPPG Kota Probolinggo Wonoasih Wonoasih,Jl. Anggur No 01 Rt 001 Rw 001 Kel Wonoasih Kec Wonoasih Kota Probolinggo&amp;amp;amp;amp;nbsp;Jawa&amp;amp;amp;amp;nbsp;Timur,16-09-2025,JAWA TIMUR,Wilayah II,Rizal Okta Arifudin,,Kota Probolinggo Wonoasih Wonoasih Jl. Anggur No 01 Rt 001 Rw 001 Kel Wonoasih Kec Wonoasih Kota Probolinggo&amp;amp;amp;amp;nbsp;Jawa&amp;amp;amp;amp;nbsp;Timur JAWA TIMUR
SPPG Kota Sabang Sukakarya Kuta Barat,"Jurong kebun merica, Gampong Kuta Barat, Kecamatan Sukakarya  Kota Sabang, Provinsi Aceh",17-02-2025,ACEH,Wilayah I,"Yuni karnisa S.Si., M.pi",Yayasan Bustanul Fakri Aceh,"Kota Sabang Sukakarya Kuta Barat Jurong kebun merica, Gampong Kuta Barat, Kecamatan Sukakarya  Kota Sabang, Provinsi Aceh ACEH"
SPPG Kota Subulussalam Simpang Kiri Lae Oram,"Jl. Tapak Tuan Subulussalam Dsn Sejahtera, Jambi Baru. Kec. Sultan Daulat Kota Subulussala, Jambi Baru, Sultan Daulat, Koa Subulussalam, Aceh",27-09-2025,ACEH,Wilayah I,Nurul Indah Afriana Hasibuan,,"Kota Subulussalam Simpang Kiri Lae Oram Jl. Tapak Tuan Subulussalam Dsn Sejahtera, Jambi Baru. Kec. Sultan Daulat Kota Subulussala, Jambi Baru, Sultan Daulat, Koa Subulussalam, Aceh ACEH"
SPPG Kota Subulussalam Sultan Daulat Lae Langge,"Jl. Lintas Barat Sumatra, Lae Langge, Kec. Sultan Daulat, Kota Subulussalam, Aceh",09-10-2025,ACEH,Wilayah I,Zulkifli,,"Kota Subulussalam Sultan Daulat Lae Langge Jl. Lintas Barat Sumatra, Lae Langge, Kec. Sultan Daulat, Kota Subulussalam, Aceh ACEH"
SPPG Kota Sungai Penuh Koto Baru Dujung Sakti,"Jl. Depati Dua Nenek, Desa Permai Indah, Kecamatan Koto Baru, Kota Sungai Penuh, Permai Indah, Koto Baru, Kota Sungai Penuh, Jambi",28-08-2025,JAMBI,Wilayah I,Aulizar Rahman,,"Kota Sungai Penuh Koto Baru Dujung Sakti Jl. Depati Dua Nenek, Desa Permai Indah, Kecamatan Koto Baru, Kota Sungai Penuh, Permai Indah, Koto Baru, Kota Sungai Penuh, Jambi JAMBI"
SPPG Kota Tebing Tinggi Rambutan Rantau Laban,"Jl. Lintas Sumatera Kel. Rantau Laban Kec. Rambutan Kota Tebing Tinggi Prov. Sumatera Utara, Rantau Laban, Rambutan, Kota Tebing Tinggi, Sumatera Utara",31-08-2025,SUMATERA UTARA,Wilayah I,Julianto Lubis,,"Kota Tebing Tinggi Rambutan Rantau Laban Jl. Lintas Sumatera Kel. Rantau Laban Kec. Rambutan Kota Tebing Tinggi Prov. Sumatera Utara, Rantau Laban, Rambutan, Kota Tebing Tinggi, Sumatera Utara SUMATERA UTARA"
SPPG Kota Tual Pulau Dullah Utara Fiditan,Jl. Setia Darul Rachman Kelurahan Fiditan Kecamatan Pulau Dullah Utara Kota Tual Provinsi Maluku,24-08-2025,MALUKU,Wilayah III,Ramuwati Rahakbauw,,Kota Tual Pulau Dullah Utara Fiditan Jl. Setia Darul Rachman Kelurahan Fiditan Kecamatan Pulau Dullah Utara Kota Tual Provinsi Maluku MALUKU
SPPG Kuantan Singingi Singingi Air Emas,"Jalan M. Amin, Jalur IV, RT 009/RW 003, Desa Air Emas, Kecamatan Singingi, Kabupaten Kuantan Singingi, Provinsi Riau",11-08-2025,RIAU,Wilayah I,Yemima Yati Maretta Sinaga ,,"Kuantan Singingi Singingi Air Emas Jalan M. Amin, Jalur IV, RT 009/RW 003, Desa Air Emas, Kecamatan Singingi, Kabupaten Kuantan Singingi, Provinsi Riau RIAU"
SPPG Kubu Raya Batu Ampar Padang Tikar Satu,"Jl. Baburazak Barat Rt 004/ Rw 012, Desa Padang Tikar Satu, Kecamatan Batu Ampar, Kabupaten Kubu Raya, Kalimantan Barat, Padang Tikar Satu, Batu Ampar, Kabupaten Kubu Raya, Kalimantan Barat",13-09-2025,KALIMANTAN BARAT,Wilayah III,Marsuli,,"Kubu Raya Batu Ampar Padang Tikar Satu Jl. Baburazak Barat Rt 004/ Rw 012, Desa Padang Tikar Satu, Kecamatan Batu Ampar, Kabupaten Kubu Raya, Kalimantan Barat, Padang Tikar Satu, Batu Ampar, Kabupaten Kubu Raya, Kalimantan Barat KALIMANTAN BARAT"
SPPG Kudus Jati Megawon 2,"Pendawa No 1, Megawon, Kecamatan Jati, Kabupaten Kudus, Jawa Tengah",18-10-2025,JAWA TENGAH,Wilayah II,Husain Nanda Prayoga,,"Kudus Jati Megawon 2 Pendawa No 1, Megawon, Kecamatan Jati, Kabupaten Kudus, Jawa Tengah JAWA TENGAH"
SPPG Kuningan Cibingbin Cibingbin 3,"Dusun Wage 1 Rt. 002 Rw. 009 Desa Cibingbin Kecamatan Cibingbin Kabupaten Kuningan, Cibingbin, Cibingbin, Kabupaten Kuningan, Jawa Barat",22-09-2025,JAWA BARAT,Wilayah II,Helmi Fikry Haikal,,"Kuningan Cibingbin Cibingbin 3 Dusun Wage 1 Rt. 002 Rw. 009 Desa Cibingbin Kecamatan Cibingbin Kabupaten Kuningan, Cibingbin, Cibingbin, Kabupaten Kuningan, Jawa Barat JAWA BARAT"
SPPG Kuningan Pancalang Tenjolayar,"Dusun Turus Lebak Rt.03 Rw.02 Desa Tenjolayar Kecamatan Pancalang Kabupaten Kuningan, Jawa Barat",13-10-2025,JAWA BARAT,Wilayah II,Hen-Hen Hendriansyah,,"Kuningan Pancalang Tenjolayar Dusun Turus Lebak Rt.03 Rw.02 Desa Tenjolayar Kecamatan Pancalang Kabupaten Kuningan, Jawa Barat JAWA BARAT"
SPPG Kutai Timur Sangatta Utara Swarga Bara,"Jl. Poros Kabo Jaya, Gang Mawar Desa Swarga Bara KecamatanSangatta Utara KabupatenKutai Timur, Swarga Bara, Sangatta Utara, Kabupaten Kutai Timur, Kalimantan Timur",20-09-2025,KALIMANTAN TIMUR,Wilayah III,Tiara Rapiernia Arianto,,"Kutai Timur Sangatta Utara Swarga Bara Jl. Poros Kabo Jaya, Gang Mawar Desa Swarga Bara KecamatanSangatta Utara KabupatenKutai Timur, Swarga Bara, Sangatta Utara, Kabupaten Kutai Timur, Kalimantan Timur KALIMANTAN TIMUR"
SPPG Lamongan Kedungpring Majenang,RT 002 RW 002 Desa Majenang Kecamatan Kedungpring Kabupaten Lamongan Provinsi Jawa Timur,04-09-2025,JAWA TIMUR,Wilayah II,Leilika Listiana Lestari,,Lamongan Kedungpring Majenang RT 002 RW 002 Desa Majenang Kecamatan Kedungpring Kabupaten Lamongan Provinsi Jawa Timur JAWA TIMUR
SPPG Lamongan Lamongan Sidomukti,"Jalan Kucur No. 42, Desa Kucur, Kelurahan Sidomukti, Kecamatan Lamongan, Kabupaten Lamongan, Provinsi Jawa Timur`",31-07-2025,JAWA TIMUR,Wilayah II,Krisna Wahyu Gumelar,,"Lamongan Lamongan Sidomukti Jalan Kucur No. 42, Desa Kucur, Kelurahan Sidomukti, Kecamatan Lamongan, Kabupaten Lamongan, Provinsi Jawa Timur` JAWA TIMUR"
SPPG Lamongan Lamongan Tanjung,"Desa Tanjung, RT 001 RW 001, Gang Dahlia, Kecamatan Lamongan, Kabupaten Lamongan, Jawa Timur",05-05-2025,JAWA TIMUR,Wilayah II,Budi Lestari,Yayasan Makmur Peduli Gizi,"Lamongan Lamongan Tanjung Desa Tanjung, RT 001 RW 001, Gang Dahlia, Kecamatan Lamongan, Kabupaten Lamongan, Jawa Timur JAWA TIMUR"
SPPG Lamongan Modo Pule,"SPPG Yayasan Mualaf Indonesia Timur RT 004 RW 007, Dusun Ledok, Desa Pule, Kecamatan Modo, Kabupaten Lamongan, Provinsi Jawa Timur",31-07-2025,JAWA TIMUR,Wilayah II,Dian Cahyono Putro,,"Lamongan Modo Pule  Yayasan Mualaf Indonesia Timur RT 004 RW 007, Dusun Ledok, Desa Pule, Kecamatan Modo, Kabupaten Lamongan, Provinsi Jawa Timur JAWA TIMUR"
SPPG Lamongan Pucuk Sumberjo,"Dusun Patalan Rt 01 / Rw 01 Desa Sumberjo  Kecamatan Pucuk,  Kab Lamongan, Jawa Timur, Sumberjo, Pucuk, Kabupaten Lamongan, Jawa Timur",17-09-2025,JAWA TIMUR,Wilayah II,M. Wahyu Firmansyah,,"Lamongan Pucuk Sumberjo Dusun Patalan Rt 01 / Rw 01 Desa Sumberjo  Kecamatan Pucuk,  Kab Lamongan, Jawa Timur, Sumberjo, Pucuk, Kabupaten Lamongan, Jawa Timur JAWA TIMUR"
SPPG Lampung Barat Balik Bukit Sebarus,"Lingkungan Gedung Asin, Pekon Sebarus, Kecamatan, Balik Bukit, Kabupaten Lampung Barat, Provinsi Lampung",18-08-2025,LAMPUNG,Wilayah I,Adesta Putra,,"Lampung Barat Balik Bukit Sebarus Lingkungan Gedung Asin, Pekon Sebarus, Kecamatan, Balik Bukit, Kabupaten Lampung Barat, Provinsi Lampung LAMPUNG"
SPPG Lampung Selatan Jati Agung Fajar Baru,"Jalan Gemilang Gang Anumerta RT 2A Dusun 2B, Kelurahan Fajar Baru, Kecamatan Jati Agung, Kabupaten Lampung Selatan, Provinsi Lampung",22-08-2025,LAMPUNG,Wilayah I,Adiyaksa Nur Badrul Tamam As,,"Lampung Selatan Jati Agung Fajar Baru Jalan Gemilang Gang Anumerta RT 2A Dusun 2B, Kelurahan Fajar Baru, Kecamatan Jati Agung, Kabupaten Lampung Selatan, Provinsi Lampung LAMPUNG"
SPPG Lampung Selatan Kalianda Bumi Agung 2,"Jl. Ijen Ib Rt.017 Rw.009 Kel. Bumi Agung Kecamatan Kalianda Kabupaten Lampung Selatan, Bumi Agung, Lampung",02-09-2025,LAMPUNG,Wilayah I,Jhon Chavin Manurung,,"Lampung Selatan Kalianda Bumi Agung 2 Jl. Ijen Ib Rt.017 Rw.009 Kel. Bumi Agung Kecamatan Kalianda Kabupaten Lampung Selatan, Bumi Agung, Lampung LAMPUNG"
SPPG Lampung Selatan Kalianda Hara Banjar Manis,"Jl. Lettu Rohani, Desa Hara Banjar Manis Rt/Rw. 02/01, Dusun 01, Kecamatan  Kalianda,  Kabupaten Lampung Selatan",27-09-2025,LAMPUNG,Wilayah I,Eno Ibfainsa Khoirunnisa,,"Lampung Selatan Kalianda Hara Banjar Manis Jl. Lettu Rohani, Desa Hara Banjar Manis Rt/Rw. 02/01, Dusun 01, Kecamatan  Kalianda,  Kabupaten Lampung Selatan LAMPUNG"
SPPG Lampung Selatan Kalianda Kedaton,"Jl. Lukah Kerinjing Rt/Rw.004/004 Desa Kedaton, Kec. Kalianda Kab. Lampung Selatan  , Kedaton, Kalianda, Kab. Lampung Selatan, Lampung`",16-09-2025,LAMPUNG,Wilayah I,Aldha Alfinshi,,"Lampung Selatan Kalianda Kedaton Jl. Lukah Kerinjing Rt/Rw.004/004 Desa Kedaton, Kec. Kalianda Kab. Lampung Selatan  , Kedaton, Kalianda, Kab. Lampung Selatan, Lampung` LAMPUNG"
SPPG Lampung Selatan Merbau Mataram Talang Jawa,"Jl. Swadaya RT 002/RW 002, Dusun Tasik Madu, Desa Talang Jawa, Kecamatan Merbau Mataram, Kabupaten Lampung Selatan, Provinsi Lampung",11-08-2025,LAMPUNG,Wilayah I,Ayu Kirana,,"Lampung Selatan Merbau Mataram Talang Jawa Jl. Swadaya RT 002/RW 002, Dusun Tasik Madu, Desa Talang Jawa, Kecamatan Merbau Mataram, Kabupaten Lampung Selatan, Provinsi Lampung LAMPUNG"
SPPG Lampung Selatan Natar Merak Batin,"Dusun Tanjung Senang Rt 05 Rw 02 Kelurahan Merak Batin Kecamatan Natar Kabupaten Lampung Selatan, Lampung",29-09-2025,LAMPUNG,Wilayah I,Angga Yudi Kurniawan,,"Lampung Selatan Natar Merak Batin Dusun Tanjung Senang Rt 05 Rw 02 Kelurahan Merak Batin Kecamatan Natar Kabupaten Lampung Selatan, Lampung LAMPUNG"
SPPG Lampung Selatan Palas Bumi Daya,"Jl. Alternatif, Desa Bumi Daya, Kecamatan Palas, Kabupaten/Kota Lampung Selatan, Provinsi Lampung",27-08-2025,LAMPUNG,Wilayah I,Fajar Widi Atmoko,,"Lampung Selatan Palas Bumi Daya Jl. Alternatif, Desa Bumi Daya, Kecamatan Palas, Kabupaten/Kota Lampung Selatan, Provinsi Lampung LAMPUNG"
SPPG Lampung Selatan Penengahan Banjar Masin,"Jl.  Marga Dantaran, Desa Banjarmasin Dusun Repong Berak, RT/RW.011/003",18-08-2025,LAMPUNG,Wilayah I,Fernanda Sepnaldo,,"Lampung Selatan Penengahan Banjar Masin Jl.  Marga Dantaran, Desa Banjarmasin Dusun Repong Berak, RT/RW.011/003 LAMPUNG"
SPPG Lampung Selatan Raja Basa Canggung,"Jl. Raya Pesisir Desa Canggung Kecamatan Rajabasa, Canggung, Raja Basa, Kabupaten Lampung Selatan, Lampung",17-09-2025,LAMPUNG,Wilayah I,Bornandus Asa Abednego,,"Lampung Selatan Raja Basa Canggung Jl. Raya Pesisir Desa Canggung Kecamatan Rajabasa, Canggung, Raja Basa, Kabupaten Lampung Selatan, Lampung LAMPUNG"
SPPG Lampung Tengah Bangun Rejo Sinar Seputih,"No.Rumah 079, Dusun 1 RT 002 RW 001, Kelurahan Sinar Seputih, Kecamatan Bangun Rejo, Kabupaten Lampung Tengah, Provinsi Lampung ",18-08-2025,LAMPUNG,Wilayah I,Amrizal Yusuf Refiansyah ,,"Lampung Tengah Bangun Rejo Sinar Seputih No.Rumah 079, Dusun 1 RT 002 RW 001, Kelurahan Sinar Seputih, Kecamatan Bangun Rejo, Kabupaten Lampung Tengah, Provinsi Lampung  LAMPUNG"
SPPG Lampung Tengah Kalirejo Sri Mulyo,Jl. Lapangan Triu Merdeka Dusun X Rt 001/Rw 005 Desa Sri Mulyo Kecamatan Kalirejo Kabupaten Lampung Tengah Lampung,07-10-2025,LAMPUNG,Wilayah I,Chairul Mustofa Fernando,,Lampung Tengah Kalirejo Sri Mulyo Jl. Lapangan Triu Merdeka Dusun X Rt 001/Rw 005 Desa Sri Mulyo Kecamatan Kalirejo Kabupaten Lampung Tengah Lampung LAMPUNG
SPPG Lampung Tengah Pubian Payung Batu,"Dusun 4 RT 015/RW 004, Desa Payung Batu, Kecamatan Pubian, Kabupaten Lampung Tengah, Provinsi Lampung",11-08-2025,LAMPUNG,Wilayah I,Dicko Kurniawan Widianto,,"Lampung Tengah Pubian Payung Batu Dusun 4 RT 015/RW 004, Desa Payung Batu, Kecamatan Pubian, Kabupaten Lampung Tengah, Provinsi Lampung LAMPUNG"
SPPG Lampung Tengah Seputih Agung Dono Arum 2,"Kampung Dono Arum Rt/Rw 006/002, Dono Arum, Seputih Agung, Kabupaten Lampung Tengah, Lampung",03-09-2025,LAMPUNG,Wilayah I,Rhamadhan Trias Deswan Azis,,"Lampung Tengah Seputih Agung Dono Arum 2 Kampung Dono Arum Rt/Rw 006/002, Dono Arum, Seputih Agung, Kabupaten Lampung Tengah, Lampung LAMPUNG"
SPPG Lampung Timur Jabung Adirejo,"Jalan Rawa Seragi Desa Adirejo Kecamatan Jabung Lampung Timur , Adirejo, Jabung, Kab. Lampung Timur, Lampung",28-08-2025,LAMPUNG,Wilayah I,M. Sofyan Aziz,,"Lampung Timur Jabung Adirejo Jalan Rawa Seragi Desa Adirejo Kecamatan Jabung Lampung Timur , Adirejo, Jabung, Kab. Lampung Timur, Lampung LAMPUNG"
SPPG Lampung Timur Jabung Mumbang Jaya,"Dusun 04, Rr005/ Rw004 Desa Mumbang Jaya, Kecamatan Jabung, Kabupaten Lampung Timur, Provinsi Lampung",16-10-2025,LAMPUNG,Wilayah I,Abdul Mahdi Fauzan Mubarak,,"Lampung Timur Jabung Mumbang Jaya Dusun 04, Rr005/ Rw004 Desa Mumbang Jaya, Kecamatan Jabung, Kabupaten Lampung Timur, Provinsi Lampung LAMPUNG"
SPPG Lampung Timur Labuhan Ratu Rajabasa Lama 2,"Dusun Margo Utomo RT 003/RW 002, Desa Rajabasa Lama Satu, Kecamatan Labuhan Ratu, Kabupaten Lampung Timur, Provinsi Lampung",24-08-2025,LAMPUNG,Wilayah I,Alfi Choirul Multazam,,"Lampung Timur Labuhan Ratu Rajabasa Lama 2 Dusun Margo Utomo RT 003/RW 002, Desa Rajabasa Lama Satu, Kecamatan Labuhan Ratu, Kabupaten Lampung Timur, Provinsi Lampung LAMPUNG"
SPPG Lampung Timur Pasir Sakti Pasir Sakti,"Dusun: VII
RT/RW: 012/007
Desa/Kelurahan: Pasir Sakti
Kecamatan: Pasir Sakti
Kabupaten/Kota: Lampung Timur
Provinsi: Lampung",04-10-2025,LAMPUNG,Wilayah I,Mada Martyawan,,"Lampung Timur Pasir Sakti Pasir Sakti Dusun: VII
RT/RW: 012/007
Desa/Kelurahan: Pasir Sakti
Kecamatan: Pasir Sakti
Kabupaten/Kota: Lampung Timur
Provinsi: Lampung LAMPUNG"
SPPG Lampung Timur Pekalongan Kalibening 2,"Desa Kalibening RT 008/RW 003, Dusun 03, Kecamatan Pekalongan, Kabupaten Lampung Timur, Provinsi Lampung",11-08-2025,LAMPUNG,Wilayah I,Muhammad Dzulqarnain,,"Lampung Timur Pekalongan Kalibening 2 Desa Kalibening RT 008/RW 003, Dusun 03, Kecamatan Pekalongan, Kabupaten Lampung Timur, Provinsi Lampung LAMPUNG"
SPPG Lampung Timur Sekampung Udik Bauh Gunung Sari,"Jl. Lapangan Merdeka Dusun IV, Tulung Agungan RT 018, RW 004, Desa Bauh Gunung Sari, Kecamatan Sekampung Udik, Kabupaten Lampung Timur, Lampung",21-07-2025,LAMPUNG,Wilayah I,Beni Yeremia ,Yayasan Pendidikan Ikhwan Tanjung Kukuh,"Lampung Timur Sekampung Udik Bauh Gunung Sari Jl. Lapangan Merdeka Dusun IV, Tulung Agungan RT 018, RW 004, Desa Bauh Gunung Sari, Kecamatan Sekampung Udik, Kabupaten Lampung Timur, Lampung LAMPUNG"
SPPG Lampung Timur Sukadana Bumi Ayu,"Jalan Mbah Kaper No.002 RT 03/RW 02, Kelurahan Bumi Ayu, Kecamatan Sukadana, Kabupaten Lampung Timur, Provinsi Lampung",11-08-2025,LAMPUNG,Wilayah I,Yoga Pratama Putra,,"Lampung Timur Sukadana Bumi Ayu Jalan Mbah Kaper No.002 RT 03/RW 02, Kelurahan Bumi Ayu, Kecamatan Sukadana, Kabupaten Lampung Timur, Provinsi Lampung LAMPUNG"
SPPG Lampung Timur Waway Karya Tri Tunggal,"Jalan Raya Dusun Gading, Desa Tri Tunggal, Kecamatan Waway Karya, Kabupaten Lampung Timur, Provinsi Lampung",11-08-2025,LAMPUNG,Wilayah I,Wahyu Hidayat,,"Lampung Timur Waway Karya Tri Tunggal Jalan Raya Dusun Gading, Desa Tri Tunggal, Kecamatan Waway Karya, Kabupaten Lampung Timur, Provinsi Lampung LAMPUNG"
SPPG Lampung Utara Sungkai Jaya Cempaka,"Jalan Cempaka Raya, Desa Cempaka, Kecamatan Sungkai Jaya, Kabupaten Lampung Utara, Provinsi Lampung",25-08-2025,LAMPUNG,Wilayah I,Hana Lia,,"Lampung Utara Sungkai Jaya Cempaka Jalan Cempaka Raya, Desa Cempaka, Kecamatan Sungkai Jaya, Kabupaten Lampung Utara, Provinsi Lampung LAMPUNG"
SPPG Landak Jelimpo Jelimpo,"Jl. Raya Jelimpo, Dusun Pinyit, Desa Jelimpo, Kecamatan Jelimpo, Kabupaten Landak, Provinsi Kalimantan Barat",15-08-2025,KALIMANTAN BARAT,Wilayah III,Petrus Sogian,,"Landak Jelimpo Jelimpo Jl. Raya Jelimpo, Dusun Pinyit, Desa Jelimpo, Kecamatan Jelimpo, Kabupaten Landak, Provinsi Kalimantan Barat KALIMANTAN BARAT"
SPPG Landak Mandor Kerohok,"Jalan Raya Mandor-Ngabang, Dusun Kerohok, Desa Kerohok, Kecamatan Mandor, Kabupaten Landak, Provinsi Kalimantan Bara",13-06-2025,KALIMANTAN BARAT,Wilayah III,Stephan Soterio,Yayasan Mujizat Penuaian,"Landak Mandor Kerohok Jalan Raya Mandor-Ngabang, Dusun Kerohok, Desa Kerohok, Kecamatan Mandor, Kabupaten Landak, Provinsi Kalimantan Bara KALIMANTAN BARAT"
SPPG Landak Meranti Meranti,"Dusun Bangsal Betung Rt000 Rw 000, Kel. Moro Betung, Kec. Meranti, Kab. Landak, Kota Pontianak.",03-09-2025,KALIMANTAN BARAT,Wilayah III,Yesaya,,"Landak Meranti Meranti Dusun Bangsal Betung Rt000 Rw 000, Kel. Moro Betung, Kec. Meranti, Kab. Landak, Kota Pontianak. KALIMANTAN BARAT"
SPPG Landak Ngabang Hilir Kantor 5,"Jl. Raya Ngabang-Pontianak, KM VI, Desa Amboyo Inti, Kec. Ngabang, Kab. Landak, Provinsi Kalimantan Barat",15-08-2025,KALIMANTAN BARAT,Wilayah III,Oktavianus Fhane,,"Landak Ngabang Hilir Kantor 5 Jl. Raya Ngabang-Pontianak, KM VI, Desa Amboyo Inti, Kec. Ngabang, Kab. Landak, Provinsi Kalimantan Barat KALIMANTAN BARAT"
SPPG Landak Sengah Temila Senakin,"Jalan Raya Senakin&amp;amp;amp;amp;amp;amp;amp;amp;ndash;Pontianak, Desa Senakin, Dusun Ayo Gundaleng, Kecamatan Sengah Temila, Kabupaten Landak, Provinsi Kalimantan Barat",24-08-2025,KALIMANTAN BARAT,Wilayah III,Kristian Peri,,"Landak Sengah Temila Senakin Jalan Raya Senakin&amp;amp;amp;amp;amp;amp;amp;amp;ndash;Pontianak, Desa Senakin, Dusun Ayo Gundaleng, Kecamatan Sengah Temila, Kabupaten Landak, Provinsi Kalimantan Barat KALIMANTAN BARAT"
SPPG Landak Sompak Galar,"Jl. Raya Galar, Desa Galar, Kec. Sompak, Kab. Landak, Provinsi Kalimantan Barat, Galar, Sompak, Kab. Landak, Kalimantan Barat",21-09-2025,KALIMANTAN BARAT,Wilayah III,Duferdurisa Ari Lekoa,,"Landak Sompak Galar Jl. Raya Galar, Desa Galar, Kec. Sompak, Kab. Landak, Provinsi Kalimantan Barat, Galar, Sompak, Kab. Landak, Kalimantan Barat KALIMANTAN BARAT"
SPPG Lebak Cikulur Muaradua,"Desa Muaradua, Cikulur, Lebak, Muaradua, Cikulur, Kab. Lebak, Banten",29-08-2025,BANTEN,Wilayah II,Apin Haerani,,"Lebak Cikulur Muaradua Desa Muaradua, Cikulur, Lebak, Muaradua, Cikulur, Kab. Lebak, Banten BANTEN"
SPPG Lebak Cimarga Sudamanik,"Jalan Raya Leuwidamar KM 15, Kampung Sudamanik, RT 001 RW 002, Desa Sudamanik, Kecamatan Cimarga, Kabupaten Lebak, Provinsi Banten",21-08-2025,BANTEN,Wilayah II,"M. Mujiburohman, S.E",,"Lebak Cimarga Sudamanik Jalan Raya Leuwidamar KM 15, Kampung Sudamanik, RT 001 RW 002, Desa Sudamanik, Kecamatan Cimarga, Kabupaten Lebak, Provinsi Banten BANTEN"
SPPG Lebak Sajira Sajira,"Jl. Raya Sajira, Kampung Pasir Buluh Rt/Rw 04/01 Desa. Sajira Kec Sajira Kab. Lebak Banten, Sajira, Sajira, Kab. Lebak, Banten",01-09-2025,BANTEN,Wilayah II,Naugi Sikaraja,,"Lebak Sajira Sajira Jl. Raya Sajira, Kampung Pasir Buluh Rt/Rw 04/01 Desa. Sajira Kec Sajira Kab. Lebak Banten, Sajira, Sajira, Kab. Lebak, Banten BANTEN"
SPPG Lebak Wanasalam Wanasalam,"Kampung Jayamukti, RT 002 RW 003, Desa Wanasalam, Kecamatan Wanasalam, Kabupaten Lebak, Provinsi Banten",21-08-2025,BANTEN,Wilayah II,Juliana,,"Lebak Wanasalam Wanasalam Kampung Jayamukti, RT 002 RW 003, Desa Wanasalam, Kecamatan Wanasalam, Kabupaten Lebak, Provinsi Banten BANTEN"
SPPG Lebak Wanasalam Wanasalam 2,"Kampung Kubanghaur Rt.006 Rw.002, Wanasalam, Kec.Wanasalam, Kab. Lebak, Banten",18-10-2025,BANTEN,Wilayah II,Heru Riyadi,,"Lebak Wanasalam Wanasalam 2 Kampung Kubanghaur Rt.006 Rw.002, Wanasalam, Kec.Wanasalam, Kab. Lebak, Banten BANTEN"
SPPG Lima Puluh Kota Mungka Sungai Antuan 2,"Jalan Padang Lawas No. 5, Nagari Sungai Antuan, Kecamatan Mungka, Kabupaten Lima Puluh Kota, Provinsi Sumatera Barat",22-08-2025,SUMATERA BARAT,Wilayah I,Arif Aldi,,"Lima Puluh Kota Mungka Sungai Antuan 2 Jalan Padang Lawas No. 5, Nagari Sungai Antuan, Kecamatan Mungka, Kabupaten Lima Puluh Kota, Provinsi Sumatera Barat SUMATERA BARAT"
SPPG Lingga Singkep Dabo,"Jalan Bukit Kapitan RT 001 RW 007 Kec. Singkep, Kel. Dabo Lama",29-08-2025,KEPULAUAN RIAU,Wilayah I,Irdian Haryandi,,"Lingga Singkep Dabo Jalan Bukit Kapitan RT 001 RW 007 Kec. Singkep, Kel. Dabo Lama KEPULAUAN RIAU"
SPPG Lombok Tengah Jonggat Labulia,"Jalan Bypass Bandara Internasional  Lombok, Dusun Tandek, Desa  Labulia, Kecamatan Jonggat,  Kabupaten Lombok Tengah, Provinsi  Nusa Tenggara Barat",14-05-2025,NUSA TENGGARA BARAT,Wilayah II,Achmad Tanbieh,Yayasan Ishlahil Athfal,"Lombok Tengah Jonggat Labulia Jalan Bypass Bandara Internasional  Lombok, Dusun Tandek, Desa  Labulia, Kecamatan Jonggat,  Kabupaten Lombok Tengah, Provinsi  Nusa Tenggara Barat NUSA TENGGARA BARAT"
SPPG Lombok Tengah Jonggat Labulia 2,"Jl. Bypass International Lombok, Dusun Olor Agung, Desa Labulia Kecamatan Jonggat Kabupaten Lombok Tengah, Nusa Tenggara Barat",15-09-2025,NUSA TENGGARA BARAT,Wilayah II,Jamaludin,,"Lombok Tengah Jonggat Labulia 2 Jl. Bypass International Lombok, Dusun Olor Agung, Desa Labulia Kecamatan Jonggat Kabupaten Lombok Tengah, Nusa Tenggara Barat NUSA TENGGARA BARAT"
SPPG Lombok Tengah Praya Renteng,"Dusun Bun Melase, Desa Renteng, Kecamatan Praya",22-08-2025,NUSA TENGGARA BARAT,Wilayah II,Muhamad Arik Nugraha,,"Lombok Tengah Praya Renteng Dusun Bun Melase, Desa Renteng, Kecamatan Praya NUSA TENGGARA BARAT"
SPPG Lombok Timur Keruak Keruak,"Dusun Buhlawang Barat, Desa Keruak, Kecamatan Keruak, Kabupaten Lombok Timur, Provinsi Nusa Tenggara Barat",11-08-2025,NUSA TENGGARA BARAT,Wilayah II,Siar Ramdani,,"Lombok Timur Keruak Keruak Dusun Buhlawang Barat, Desa Keruak, Kecamatan Keruak, Kabupaten Lombok Timur, Provinsi Nusa Tenggara Barat NUSA TENGGARA BARAT"
SPPG Lombok Timur Keruak Ketapang Raya,"Kedome Desa Ketapang Raya, Kecamatan Keruak, Lombok Timur, Nusa Tenggara Barat, Ketapang Raya, Keruak, Kab. Lombok Timur, Nusa Tenggara Barat",27-09-2025,NUSA TENGGARA BARAT,Wilayah II,Nurul Hidayatul Aini,,"Lombok Timur Keruak Ketapang Raya Kedome Desa Ketapang Raya, Kecamatan Keruak, Lombok Timur, Nusa Tenggara Barat, Ketapang Raya, Keruak, Kab. Lombok Timur, Nusa Tenggara Barat NUSA TENGGARA BARAT"
SPPG Lombok Timur Sembalun 1,"Jln. Pelummingih, Dusun Mentagi, Desa Sembalun, Kec Sembalun, Kab Lombok Timur. Prov NTB",21-04-2025,NUSA TENGGARA BARAT,Wilayah II,Muhamad Juliyandi Mariandra,Yayasan Ishlahil Athfal,"Lombok Timur Sembalun 1 Jln. Pelummingih, Dusun Mentagi, Desa Sembalun, Kec Sembalun, Kab Lombok Timur. Prov NTB NUSA TENGGARA BARAT"
SPPG Magetan Karas Temboro,Ponpes Al-Falah Pohtelu Jl. Temboro-Selawe Pohtelu Temboro,28-07-2025,JAWA TIMUR,Wilayah II,Mahendra,Yayasan Royal Amanah Swasembada,Magetan Karas Temboro Ponpes Al-Falah Pohtelu Jl. Temboro-Selawe Pohtelu Temboro JAWA TIMUR
SPPG Magetan Sidorejo Sambirobyong,"Jl. Ronggo Galih. Blogan RT 01 RW 01, Desa Sambirobyong, Kecamatan Sidorejo, Kabupaten Magetan, Provinsi Jawa Timur",25-07-2025,JAWA TIMUR,Wilayah II,Aldiastin Dwiardianingrum,Yayasan Panti Asuhan Siti Walidah,"Magetan Sidorejo Sambirobyong Jl. Ronggo Galih. Blogan RT 01 RW 01, Desa Sambirobyong, Kecamatan Sidorejo, Kabupaten Magetan, Provinsi Jawa Timur JAWA TIMUR"
SPPG Magetan Sukomoro Tambakmas,"Dusun Tawangrejo RT 06/RW 03, Desa Tambakmas, Kecamatan Sukomoro, Kabupaten Magetan, Provinsi Jawa Timur`",29-07-2025,JAWA TIMUR,Wilayah II,Danang Nugroho,,"Magetan Sukomoro Tambakmas Dusun Tawangrejo RT 06/RW 03, Desa Tambakmas, Kecamatan Sukomoro, Kabupaten Magetan, Provinsi Jawa Timur` JAWA TIMUR"
SPPG Majalengka Lemahsugih Cisalak,Jl. Raya Bantarujeg Bandung Desa Cisalak Kecamatan Lemahsugih Kabupaten Majalengka Provinsi Jawa Barat,28-08-2025,JAWA BARAT,Wilayah II,Baban Sobhan,,Majalengka Lemahsugih Cisalak Jl. Raya Bantarujeg Bandung Desa Cisalak Kecamatan Lemahsugih Kabupaten Majalengka Provinsi Jawa Barat JAWA BARAT
SPPG Majalengka Rajagaluh Cisetu,"Kampung Mayasari Rt. 02 Rw. 03, Cisetu, Kec. Rajagaluh, Kab. Majalengka, Jawa Barat",09-10-2025,JAWA BARAT,Wilayah II,Regan Muhammad Iqbal,,"Majalengka Rajagaluh Cisetu Kampung Mayasari Rt. 02 Rw. 03, Cisetu, Kec. Rajagaluh, Kab. Majalengka, Jawa Barat JAWA BARAT"
SPPG Majalengka Talaga Sukaperna,"Blok Cisampih RT.003 RW.001 Desa Sukaperna, Kecamatan Talaga, Kabupaten Majalengka, Provinsi jawa barat",01-09-2025,JAWA BARAT,Wilayah II,Akbar Ramdan Pratama,,"Majalengka Talaga Sukaperna Blok Cisampih RT.003 RW.001 Desa Sukaperna, Kecamatan Talaga, Kabupaten Majalengka, Provinsi jawa barat JAWA BARAT"
SPPG Majene Banggae Timur Baurung,"Jln. Surullah, Lingkungan Lembang Dhua, Kelurahan Lembang",19-08-2025,SULAWESI BARAT,Wilayah III,MUHAMMAD SIDIK,,"Majene Banggae Timur Baurung Jln. Surullah, Lingkungan Lembang Dhua, Kelurahan Lembang SULAWESI BARAT"
SPPG Malaka Malaka Tengah Wehali,"Jl. Ahmad Yani, Pasar Baru II, Rt.Rw 013.005, Desa Wehali, Kecamatan Malaka Tengah, Kabupaten Malaka, Nusa Tenggara Timur",08-10-2025,NUSA TENGGARA TIMUR,Wilayah III,Maria Florida Nahak,,"Malaka Malaka Tengah Wehali Jl. Ahmad Yani, Pasar Baru II, Rt.Rw 013.005, Desa Wehali, Kecamatan Malaka Tengah, Kabupaten Malaka, Nusa Tenggara Timur NUSA TENGGARA TIMUR"
SPPG Malaka Wewiku Seserai,"Jl. Lintas Selatan Timor, Laensukaer B, Rt/Rw 014/006, Desa Seserai, Kecamatan Wewiku, Kabupaten Malaka, Nusa Tenggara Timur",06-10-2025,NUSA TENGGARA TIMUR,Wilayah III,Adrianus Bria,,"Malaka Wewiku Seserai Jl. Lintas Selatan Timor, Laensukaer B, Rt/Rw 014/006, Desa Seserai, Kecamatan Wewiku, Kabupaten Malaka, Nusa Tenggara Timur NUSA TENGGARA TIMUR"
SPPG Malaka Wewiku Webriamata,"Webriamata Lorosae, Rt/Rw 002/001, Desa Webriamata, Kecamatan Wewiku, Kabupaten Malaka, Nusa Tenggara Timur",06-10-2025,NUSA TENGGARA TIMUR,Wilayah III,Adisentus D. Tese,,"Malaka Wewiku Webriamata Webriamata Lorosae, Rt/Rw 002/001, Desa Webriamata, Kecamatan Wewiku, Kabupaten Malaka, Nusa Tenggara Timur NUSA TENGGARA TIMUR"
SPPG Maluku Barat Daya Babar Barat Tepa,"Jl. Poros Utama Desa Tepa Kecamatan Babar Barat Kabupaten Maluku Barat Daya, Tepa, Pulau-Pulau Babar, Kabupaten Maluku Barat Daya, Maluku",28-08-2025,MALUKU,Wilayah III,Ribka Liana Etwiory,,"Maluku Barat Daya Babar Barat Tepa Jl. Poros Utama Desa Tepa Kecamatan Babar Barat Kabupaten Maluku Barat Daya, Tepa, Pulau-Pulau Babar, Kabupaten Maluku Barat Daya, Maluku MALUKU"
SPPG Maluku Tengah Leihitu Asilulu,"Desa Asilulu, Samping dermaga Negeri Asilulu",11-08-2025,MALUKU,Wilayah III,Atika Nur Rahmi Mony,,"Maluku Tengah Leihitu Asilulu Desa Asilulu, Samping dermaga Negeri Asilulu MALUKU"
SPPG Mamuju Mamuju Karema 2,"Jl. Musa Karim, RT 000/RW 000",02-06-2025,SULAWESI BARAT,Wilayah III,Ahmad Fauzan Muhammad,,"Mamuju Mamuju Karema 2 Jl. Musa Karim, RT 000/RW 000 SULAWESI BARAT"
SPPG Mamuju Papalang Boda-Boda,Jl.. Poros Desa Boda Boda Kecamatan Papalang Kabupaten Mamuju Provinsi Sulbar,05-09-2025,SULAWESI BARAT,Wilayah III,Rasdia,,Mamuju Papalang Boda-Boda Jl.. Poros Desa Boda Boda Kecamatan Papalang Kabupaten Mamuju Provinsi Sulbar SULAWESI BARAT
SPPG Mamuju Papalang Bonda,"Dusun Jati, Desa Bonda, Papalang, Mamuju, Sulawesi Barat, Bonda, Papalang, Kab. Mamuju, Sulawesi Barat",20-09-2025,SULAWESI BARAT,Wilayah III,Marzukli,,"Mamuju Papalang Bonda Dusun Jati, Desa Bonda, Papalang, Mamuju, Sulawesi Barat, Bonda, Papalang, Kab. Mamuju, Sulawesi Barat SULAWESI BARAT"
SPPG Mamuju Tapalang Tampalang,Dusun Kacci-Kacci Desa Tampalang Kecamatan Tapalang  Kabupaten Mamuju Provinsi Sulawesi Barat,26-09-2025,SULAWESI BARAT,Wilayah III,Nur Endeng,,Mamuju Tapalang Tampalang Dusun Kacci-Kacci Desa Tampalang Kecamatan Tapalang  Kabupaten Mamuju Provinsi Sulawesi Barat SULAWESI BARAT
SPPG Mamuju Tengah Pangale Pangale 2,"Jl. Poros Desa Polo Pangale Kecamatan Pangale Kabupaten Mamuju Tengah Provinsi Sulawesi Barat, Polo Pangale, Pangale, Kabupaten Mamuju Tengah, Sulawesi Barat",01-09-2025,SULAWESI BARAT,Wilayah III,Yantrisno P. Tampang,,"Mamuju Tengah Pangale Pangale 2 Jl. Poros Desa Polo Pangale Kecamatan Pangale Kabupaten Mamuju Tengah Provinsi Sulawesi Barat, Polo Pangale, Pangale, Kabupaten Mamuju Tengah, Sulawesi Barat SULAWESI BARAT"
SPPG Mamuju Tommo Campaloga,Jl. Poros Desa Campaloga Desa Campaloga Kecamatan Tommo Kabupaten Mamuju Provinsi Sulawesi Barat,02-10-2025,SULAWESI BARAT,Wilayah III,Dinasari,,Mamuju Tommo Campaloga Jl. Poros Desa Campaloga Desa Campaloga Kecamatan Tommo Kabupaten Mamuju Provinsi Sulawesi Barat SULAWESI BARAT
SPPG Mandailing Natal Siabu Sibaruang,"Jl. Lintas Sumatra Bukit Tinggi Padang Sidempuan, Desa Sibaruang, Kec. Siabu, Kab. Mandailing Natal, Sumatera Utara",13-10-2025,SUMATERA UTARA,Wilayah I,Irwan Efendi Hsb,,"Mandailing Natal Siabu Sibaruang Jl. Lintas Sumatra Bukit Tinggi Padang Sidempuan, Desa Sibaruang, Kec. Siabu, Kab. Mandailing Natal, Sumatera Utara SUMATERA UTARA"
SPPG Manggarai Langke Rembong Tadong,"LANGGO, RT:009, RW:005, KEL. CAREP, KEC. LANGKE REMBONG, KAB. MANGGARAI, PROV. NTT",05-05-2025,NUSA TENGGARA TIMUR,Wilayah III,Yosef Hambur,Yayasan Komunitas Inovasi Rumpun Bambu,"Manggarai Langke Rembong Tadong LANGGO, RT:009, RW:005, KEL. CAREP, KEC. LANGKE REMBONG, KAB. MANGGARAI, PROV. NTT NUSA TENGGARA TIMUR"
SPPG Maros Mandai Baji Mangngai,"Jl. Tupolev, Lanud Sultan Hasanuddin, Kel. Bali Mangngai, Kec. Mandai, Kab. Maros, Baji Mangngai, Mandai, Kab. Maros, Sulawesi Selatan",10-09-2025,SULAWESI SELATAN,Wilayah III,Muhammad Ilyas,,"Maros Mandai Baji Mangngai Jl. Tupolev, Lanud Sultan Hasanuddin, Kel. Bali Mangngai, Kec. Mandai, Kab. Maros, Baji Mangngai, Mandai, Kab. Maros, Sulawesi Selatan SULAWESI SELATAN"
SPPG Maros Marusu Ma`rumpa 3,Dusun Bontoulu RT 001 RW 000 Desa Tellumpoccoe Kec.Marusu Kab.Maros (Ruko Azera Regency),30-08-2025,SULAWESI SELATAN,Wilayah III,Muhammad Ary Putra. P,,Maros Marusu Ma`rumpa 3 Dusun Bontoulu RT 001 RW 000 Desa Tellumpoccoe Kec.Marusu Kab.Maros (Ruko Azera Regency) SULAWESI SELATAN
SPPG Maros Marusu Ma`rumpa 4,Jalan Ruko Marumpa Nomor 21/22,30-08-2025,SULAWESI SELATAN,Wilayah III,Nurfaidah,,Maros Marusu Ma`rumpa 4 Jalan Ruko Marumpa Nomor 21/22 SULAWESI SELATAN
SPPG Melawi Belimbing Batu Buil,"Jl. Lintas Kalimantan Poros Tengah, Desa Batu Buil, Kecamatan Belimbing, Kabupaten Melawi, Kalimantan Barat, Batu Buil, Belimbing, Kabupaten Melawi, Kalimantan Barat",24-09-2025,KALIMANTAN BARAT,Wilayah III,Christoforus Yosi Sebastianto,,"Melawi Belimbing Batu Buil Jl. Lintas Kalimantan Poros Tengah, Desa Batu Buil, Kecamatan Belimbing, Kabupaten Melawi, Kalimantan Barat, Batu Buil, Belimbing, Kabupaten Melawi, Kalimantan Barat KALIMANTAN BARAT"
SPPG Mempawah Jongkat Wajok Hilir 2,"Jl. Simpang Empat, Rt 001, Rw 010, Kelurahan Wajok Hilir, Kecamatan Jongkat, Kabupaten Mempawah, Provinsi Kalimantan Barat",07-10-2025,KALIMANTAN BARAT,Wilayah III,Muslimin,,"Mempawah Jongkat Wajok Hilir 2 Jl. Simpang Empat, Rt 001, Rw 010, Kelurahan Wajok Hilir, Kecamatan Jongkat, Kabupaten Mempawah, Provinsi Kalimantan Barat KALIMANTAN BARAT"
SPPG Mempawah Mempawah Hilir Pasir,"Jl. Raden Patih Gumantar RT/RW 013/005, Desa Pasir, Kec. Mempawah Hilir, Kabupaten Mempawah Provinsi Kalimantan Barat",04-08-2025,KALIMANTAN BARAT,Wilayah III,Fidella Putri Anjani,,"Mempawah Mempawah Hilir Pasir Jl. Raden Patih Gumantar RT/RW 013/005, Desa Pasir, Kec. Mempawah Hilir, Kabupaten Mempawah Provinsi Kalimantan Barat KALIMANTAN BARAT"
SPPG Mempawah Mempawah Hilir Pasir 2,"Jl. Gusti Sulung Lelanang Desa Pasir Kecamatan Mempawah Hilir (Simpang Sebukit Rama Daeng Menambon) Alamat Dapur : Jl. Gusti Sulung Lelanang Desa Pasir Kecamatan Mempawah Hilir (Simpang Sebukit Rama Daeng Menambon), Pasir, Mempawah Hilir, Kab.Mempawah",30-09-2025,KALIMANTAN BARAT,Wilayah III,Putri Wulanda Sari,,"Mempawah Mempawah Hilir Pasir 2 Jl. Gusti Sulung Lelanang Desa Pasir Kecamatan Mempawah Hilir (Simpang Sebukit Rama Daeng Menambon) Alamat Dapur : Jl. Gusti Sulung Lelanang Desa Pasir Kecamatan Mempawah Hilir (Simpang Sebukit Rama Daeng Menambon), Pasir, Mempawah Hilir, Kab.Mempawah KALIMANTAN BARAT"
SPPG Mimika Kwamki Narama Harapan,"Jalan Mangga RT 006 SP 2, Kelurahan Harapan, Distrik Kwamki Narama, Kabupaten Mimika, Provinsi Papua Tengah",24-08-2025,PAPUA TENGAH,Wilayah III,Alfa Zefanya Wowor,,"Mimika Kwamki Narama Harapan Jalan Mangga RT 006 SP 2, Kelurahan Harapan, Distrik Kwamki Narama, Kabupaten Mimika, Provinsi Papua Tengah PAPUA TENGAH"
SPPG Minahasa Utara Dimembe Tetey,"Desa Tetey Jaga Vi Kecamatan Dimembe Kabupaten Minahasa Utara Provinsi Sulawesi Utara, Tetey, Dimembe, Kabupaten Minahasa Utara, Sulawesi Utara",14-08-2025,SULAWESI UTARA,Wilayah III,Ignatius Andri Buanglera,,"Minahasa Utara Dimembe Tetey Desa Tetey Jaga Vi Kecamatan Dimembe Kabupaten Minahasa Utara Provinsi Sulawesi Utara, Tetey, Dimembe, Kabupaten Minahasa Utara, Sulawesi Utara SULAWESI UTARA"
SPPG Muko Muko Penarik Mekar Mulya,"Desa Mekar Mulya, Kecamatan Penarik, Kabupaten Muko-Muko, Mekar Mulya, Penarik, Kab. Muko Muko, Bengkulu",02-10-2025,BENGKULU,Wilayah I,Ilham Kautsar Hidayat,,"Muko Muko Penarik Mekar Mulya Desa Mekar Mulya, Kecamatan Penarik, Kabupaten Muko-Muko, Mekar Mulya, Penarik, Kab. Muko Muko, Bengkulu BENGKULU"
SPPG Muko Muko Teramang Jaya Bandar Jaya,"Jl. Raya Bengkulu Padang, Desa Bandar Jaya Kecamatan Teramang Jaya Kabupaten Muko Muko Provinsi Bengkulu, Bandar Jaya, Teramang Jaya, Kab. Muko Muko, Bengkulu",25-09-2025,BENGKULU,Wilayah I,Yesi Maleni,,"Muko Muko Teramang Jaya Bandar Jaya Jl. Raya Bengkulu Padang, Desa Bandar Jaya Kecamatan Teramang Jaya Kabupaten Muko Muko Provinsi Bengkulu, Bandar Jaya, Teramang Jaya, Kab. Muko Muko, Bengkulu BENGKULU"
SPPG Muna Barat Sawerigadi Ondoke,"Jalan Poros Lagadi - Tondasi, Desa Ondoke, Kecamatan Sawerigadi, Kabupaten Muna Barat, Provinsi Sulawesi Tenggara",25-08-2025,SULAWESI TENGGARA,Wilayah III,Jabarnur Salim,,"Muna Barat Sawerigadi Ondoke Jalan Poros Lagadi - Tondasi, Desa Ondoke, Kecamatan Sawerigadi, Kabupaten Muna Barat, Provinsi Sulawesi Tenggara SULAWESI TENGGARA"
SPPG Muna Duruka Lasunapa,"Jl. Sultan Sahrir, Desa Lasunapa Kecamatan Duruka Kabupaten Muna, Provinsi Sulawesi Tenggara",18-10-2025,SULAWESI TENGGARA,Wilayah III,Ma`Ruf,,"Muna Duruka Lasunapa Jl. Sultan Sahrir, Desa Lasunapa Kecamatan Duruka Kabupaten Muna, Provinsi Sulawesi Tenggara SULAWESI TENGGARA"
SPPG Muna Kabawo Kontumere,"Jl. Poros Raha &amp;amp;amp;amp;amp;amp;amp;amp;amp;amp;amp;amp;ndash; Wamengkoli, Kelurahan Kontumere, Kecamatan Kabawo",25-08-2025,SULAWESI TENGGARA,Wilayah III,Samtun,,"Muna Kabawo Kontumere Jl. Poros Raha &amp;amp;amp;amp;amp;amp;amp;amp;amp;amp;amp;amp;ndash; Wamengkoli, Kelurahan Kontumere, Kecamatan Kabawo SULAWESI TENGGARA"
SPPG Muna Tongkuno Lamorende,Jl. Poros Wakuru Oelongko,30-08-2025,SULAWESI TENGGARA,Wilayah III,Wa Ode Sitti Hajra Giu,,Muna Tongkuno Lamorende Jl. Poros Wakuru Oelongko SULAWESI TENGGARA
SPPG Musi Banyuasin Keluang Keluang,"Jalan Tembusan (Bangsal Batu) Rt 014 Rw 004, Kelurahan Keluang, Kecamatan Keluang, Kabupaten Musi Banyuasin, Provinsi Sumatera Selatan",30-08-2025,SUMATERA SELATAN,Wilayah I,Agung Kurniawan,,"Musi Banyuasin Keluang Keluang Jalan Tembusan (Bangsal Batu) Rt 014 Rw 004, Kelurahan Keluang, Kecamatan Keluang, Kabupaten Musi Banyuasin, Provinsi Sumatera Selatan SUMATERA SELATAN"
SPPG Musi Rawas Megang Sakti Jajaran Baru,"Desa Jajaran baru Dusun 2 Rt 3 Kec.megang sakti  Kab. Musi Rawas Provinsi sumatera selatan, JAJARAN BARU, MEGANG SAKTI, KAB. MUSI RAWAS, SUMATERA SELATAN",19-08-2025,SUMATERA SELATAN,Wilayah I,Ramadhayani Putri,,"Musi Rawas Megang Sakti Jajaran Baru Desa Jajaran baru Dusun 2 Rt 3 Kec.megang sakti  Kab. Musi Rawas Provinsi sumatera selatan, JAJARAN BARU, MEGANG SAKTI, KAB. MUSI RAWAS, SUMATERA SELATAN SUMATERA SELATAN"
SPPG Musi Rawas Muara Kelingi Muara Kelingi,"Rt 006 Kelurahan Muara Kelingi Kecamatan Muara Kelingi Kabupaten Musi Rawas Provinsi Sumatera Selatan, Muara Kelingi, Muara Kelingi, Kab. Musi Rawas, Sumatera Selatan",21-09-2025,SUMATERA SELATAN,Wilayah I,Apif Ramadhana Putra,,"Musi Rawas Muara Kelingi Muara Kelingi Rt 006 Kelurahan Muara Kelingi Kecamatan Muara Kelingi Kabupaten Musi Rawas Provinsi Sumatera Selatan, Muara Kelingi, Muara Kelingi, Kab. Musi Rawas, Sumatera Selatan SUMATERA SELATAN"
SPPG Musi Rawas Utara Karang Jaya Terusan,"Desa Terusan Kecamatan Karang Jaya Kabupaten Musi Rawas Utara, Terusan, Karang Jaya, Kab. Musi Rawas Utara, Sumatera Selatan",03-09-2025,SUMATERA SELATAN,Wilayah I,M. Arindo,,"Musi Rawas Utara Karang Jaya Terusan Desa Terusan Kecamatan Karang Jaya Kabupaten Musi Rawas Utara, Terusan, Karang Jaya, Kab. Musi Rawas Utara, Sumatera Selatan SUMATERA SELATAN"
SPPG Musi Rawas Utara Rawas Ulu Sungai Jauh,"Dusun 4 Desa Sungai Jauh Kec. Rawas Ulu Kabupaten Musi Rawas Utara, Sungai Jauh, Rawas Ulu, Kab. Musi Rawas Utara, Sumatera Selatan",01-09-2025,SUMATERA SELATAN,Wilayah I,Priban Siswanto,,"Musi Rawas Utara Rawas Ulu Sungai Jauh Dusun 4 Desa Sungai Jauh Kec. Rawas Ulu Kabupaten Musi Rawas Utara, Sungai Jauh, Rawas Ulu, Kab. Musi Rawas Utara, Sumatera Selatan SUMATERA SELATAN"
SPPG Nagan Raya Darul Makmur Suka Ramai,"DESA SUKA RAMAI KECAMATAN DARUL MAKMUR KABUPATEN NAGAN RAYA PROVINSI ACEH, SUKA RAMAI, DARUL MAKMUR, KAB. NAGAN RAYA, ACEH",19-08-2025,ACEH,Wilayah I,Jailani,,"Nagan Raya Darul Makmur Suka Ramai DESA SUKA RAMAI KECAMATAN DARUL MAKMUR KABUPATEN NAGAN RAYA PROVINSI ACEH, SUKA RAMAI, DARUL MAKMUR, KAB. NAGAN RAYA, ACEH ACEH"
SPPG Nganjuk Bagor Pesudukuh,"Dusun Pesu Lor, Desa Pesudukuh, Kecamatan Bagor, Kabupaten Nganjuk, Provinsi Jawa Timur, Pesudukuh, Bagor, Kab. Nganjuk, Jawa Timur",11-09-2025,JAWA TIMUR,Wilayah II,Ahmad Riza Pahlevi,,"Nganjuk Bagor Pesudukuh Dusun Pesu Lor, Desa Pesudukuh, Kecamatan Bagor, Kabupaten Nganjuk, Provinsi Jawa Timur, Pesudukuh, Bagor, Kab. Nganjuk, Jawa Timur JAWA TIMUR"
SPPG Ngawi Ngawi Ngawi,Desa Ngawi Purba RT : 03 RW : 01 Kecamatan Ngawi Kabupaten Ngawi,17-02-2025,JAWA TIMUR,Wilayah II,Selviana Agustin,Yayasan Al Ihsan Sawo Manis,Ngawi Ngawi Ngawi Desa Ngawi Purba RT : 03 RW : 01 Kecamatan Ngawi Kabupaten Ngawi JAWA TIMUR
SPPG Ngawi Paron Gelung,"Dusun Gelung Timur Rt05 Rw02 Desa Gelung Kecamatan Paron Kabupaten Ngawi, Gelung, Jawa Timur",07-09-2025,JAWA TIMUR,Wilayah II,Ashlih Ricky Maulana,,"Ngawi Paron Gelung Dusun Gelung Timur Rt05 Rw02 Desa Gelung Kecamatan Paron Kabupaten Ngawi, Gelung, Jawa Timur JAWA TIMUR"
SPPG Ngawi Paron Semen,"`SPPG Darul Hikmah Ngawi Dusun Cung Belut RT 002 RW 010, Desa Semen, Kecamatan Paron, Kabupaten Ngawi, Provinsi Jawa Timur",31-07-2025,JAWA TIMUR,Wilayah II,Ari Juliasandi,,"Ngawi Paron Semen ` Darul Hikmah Ngawi Dusun Cung Belut RT 002 RW 010, Desa Semen, Kecamatan Paron, Kabupaten Ngawi, Provinsi Jawa Timur JAWA TIMUR"
SPPG Ngawi Sine Jagir,Dusun Jagir Rt09/Rw01 Desa Jagir Kecamatan Sine Kabupaten Ngawi Jawa Timur,03-09-2025,JAWA TIMUR,Wilayah II,Sultoni,,Ngawi Sine Jagir Dusun Jagir Rt09/Rw01 Desa Jagir Kecamatan Sine Kabupaten Ngawi Jawa Timur JAWA TIMUR
SPPG Ogan Ilir Indralaya Selatan Meranjat I,Desa meranjat 1 dusun 8 kecamatan inderalaya selatan kabupaten ilir,19-08-2025,SUMATERA SELATAN,Wilayah I,Redi Handika,,Ogan Ilir Indralaya Selatan Meranjat I Desa meranjat 1 dusun 8 kecamatan inderalaya selatan kabupaten ilir SUMATERA SELATAN
SPPG Ogan Ilir Kandis Kandis II,"JALAN UTAMA DESA KANDIS II KECAMATAN KANDIS KABUPATEN OGAN ILIR, KANDIS II, KANDIS, KAB. OGAN ILIR, SUMATERA SELATAN",19-08-2025,SUMATERA SELATAN,Wilayah I,Bukhori,,"Ogan Ilir Kandis Kandis II JALAN UTAMA DESA KANDIS II KECAMATAN KANDIS KABUPATEN OGAN ILIR, KANDIS II, KANDIS, KAB. OGAN ILIR, SUMATERA SELATAN SUMATERA SELATAN"
SPPG Ogan Ilir Lubuk Keliat Ketiau,"Jl. Sultan Mahmad Badarudin II sp Jl Persatuan Desa Ketiau Kec. Lubuk Keliat Kab. Ogan Komering Ilir Provinsi Sumatera Selatan, KETIAU, LUBUK KELIAT, KAB. OGAN ILIR, SUMATERA SELATAN",19-08-2025,SUMATERA SELATAN,Wilayah I,Arif Dikky Damara,,"Ogan Ilir Lubuk Keliat Ketiau Jl. Sultan Mahmad Badarudin II sp Jl Persatuan Desa Ketiau Kec. Lubuk Keliat Kab. Ogan Komering Ilir Provinsi Sumatera Selatan, KETIAU, LUBUK KELIAT, KAB. OGAN ILIR, SUMATERA SELATAN SUMATERA SELATAN"
SPPG Ogan Ilir Payaraman Payaraman Timur,"Jl. Lanang Kuaso. Kel. Payaraman Timur. Rt. 005 Rw. 00, No. 214",23-08-2025,SUMATERA SELATAN,Wilayah I,Izzul Azwar,,"Ogan Ilir Payaraman Payaraman Timur Jl. Lanang Kuaso. Kel. Payaraman Timur. Rt. 005 Rw. 00, No. 214 SUMATERA SELATAN"
SPPG Ogan Ilir Pemulutan Tanjung Pasir,"Jalan Raya Dusun III, No. Rt.004  kelurahan Tanjung Pasir Kecamatan Pemulutan, Kabupaten Ogan Ilir, Provinsi Sumatera Selatan Kode Pos 30653",18-08-2025,SUMATERA SELATAN,Wilayah I,Wahidin,Yayasan Darul Akhyas Bayuasin,"Ogan Ilir Pemulutan Tanjung Pasir Jalan Raya Dusun III, No. Rt.004  kelurahan Tanjung Pasir Kecamatan Pemulutan, Kabupaten Ogan Ilir, Provinsi Sumatera Selatan Kode Pos 30653 SUMATERA SELATAN"
SPPG Ogan Ilir Tanjung Raja Tanjung Raja 1,"Jl. Depati Jemahir, No. 167, Lingkungan 1, Kelurahan Tanjung Raja, Kecamatan Tanjung Raja, Kabupaten Ogan Ilir, Provinsi Sumatera Selatan",20-08-2025,SUMATERA SELATAN,Wilayah I,Rafif Nopyefa,,"Ogan Ilir Tanjung Raja Tanjung Raja 1 Jl. Depati Jemahir, No. 167, Lingkungan 1, Kelurahan Tanjung Raja, Kecamatan Tanjung Raja, Kabupaten Ogan Ilir, Provinsi Sumatera Selatan SUMATERA SELATAN"
SPPG OKI Teluk Gelam Seriguna,"Dusun V, Desa Seriguna, Kec. Teluk Gelam, Kab. Ogan Komering Ilir Sumatera Selatan, Seriguna, Teluk Gelam, Kab. Ogan Komering Ilir, Sumatera Selatan",26-09-2025,SUMATERA SELATAN,Wilayah I,Andre Sarpico,,"OKI Teluk Gelam Seriguna Dusun V, Desa Seriguna, Kec. Teluk Gelam, Kab. Ogan Komering Ilir Sumatera Selatan, Seriguna, Teluk Gelam, Kab. Ogan Komering Ilir, Sumatera Selatan SUMATERA SELATAN"
SPPG OKUT Buay Pemuka Peliung Pemetung Besuki 2,"RT 11 RW 01 Pemetung Basuki Kecamatan Buay Pemuka Peliung, Kab. Oku Timur, Prov. Sumatera Selatan",04-09-2025,SUMATERA SELATAN,Wilayah I,Adam Fuadi,,"OKUT Buay Pemuka Peliung Pemetung Besuki 2 RT 11 RW 01 Pemetung Basuki Kecamatan Buay Pemuka Peliung, Kab. Oku Timur, Prov. Sumatera Selatan SUMATERA SELATAN"
SPPG OKUT Cempaka Campang Tiga Hulu,"Jl. Raya Provinsi Km. 125 Dusun 7 Lr. Tembusan No. 399 Rt. 07 Rw. 07  Kampung Sabah Laut, Desa Campang Tiga Hulu, Kec. Cempaka, Kab Oku Timur, Sumatera Selatan",05-09-2025,SUMATERA SELATAN,Wilayah I,Jhona Wilki Saputra,,"OKUT Cempaka Campang Tiga Hulu Jl. Raya Provinsi Km. 125 Dusun 7 Lr. Tembusan No. 399 Rt. 07 Rw. 07  Kampung Sabah Laut, Desa Campang Tiga Hulu, Kec. Cempaka, Kab Oku Timur, Sumatera Selatan SUMATERA SELATAN"
SPPG OKUT Jayapura Condong,"Sidorejo Rt 008/ Rw 005 Desa Condong, Kecamatan Jayapura, Kabupaten OKU Timur, Provinsi Sumatera Selatan",09-09-2025,SUMATERA SELATAN,Wilayah I,Farhan Septalizen,,"OKUT Jayapura Condong Sidorejo Rt 008/ Rw 005 Desa Condong, Kecamatan Jayapura, Kabupaten OKU Timur, Provinsi Sumatera Selatan SUMATERA SELATAN"
SPPG OKUT Madang Suku Iii Batu Marta VI,"Jl. Raya Blok K .Rt/Rw, 005/002, Desa Batumarta Vi, Kec, Madang Suku Iii, Kab. Oku Timur, Prov. Sumsel., Batu Marta Vi, Madang Suku Iii, Kab. Ogan Komering Ulu Timur, Sumatera Selatan",29-08-2025,SUMATERA SELATAN,Wilayah I,Barad Dhamara Winangsit,,"OKUT Madang Suku Iii Batu Marta VI Jl. Raya Blok K .Rt/Rw, 005/002, Desa Batumarta Vi, Kec, Madang Suku Iii, Kab. Oku Timur, Prov. Sumsel., Batu Marta Vi, Madang Suku Iii, Kab. Ogan Komering Ulu Timur, Sumatera Selatan SUMATERA SELATAN"
SPPG Pamekasan Batumarmar Bujur Tengah,Dusun jungudan desa bujur tenggah kecamatan batumarmar kabupaten pamekasan provinsi jawa timur,20-09-2025,JAWA TIMUR,Wilayah II,Rofi`I,,Pamekasan Batumarmar Bujur Tengah Dusun jungudan desa bujur tenggah kecamatan batumarmar kabupaten pamekasan provinsi jawa timur JAWA TIMUR
SPPG Pamekasan Batumarmar Bujur Tengah 2,"Dusun Jungudan, Desa  Bujur Tengah, Kecamatan Batumarmar, Kabupaten Pamekasan, Bujur Tengah, Batumarmar, Kab. Pamekasan, Jawa Timur",20-09-2025,JAWA TIMUR,Wilayah II,Ahmad,,"Pamekasan Batumarmar Bujur Tengah 2 Dusun Jungudan, Desa  Bujur Tengah, Kecamatan Batumarmar, Kabupaten Pamekasan, Bujur Tengah, Batumarmar, Kab. Pamekasan, Jawa Timur JAWA TIMUR"
SPPG Pamekasan Larangan Peltong,"Dusun Barat Lorong, Desa Peltong Kec. Larangan Kab. Pamekasan, Peltong, Larangan, Kab. Pamekasan, Jawa Timur",20-09-2025,JAWA TIMUR,Wilayah II,Alief Alwiyullah,,"Pamekasan Larangan Peltong Dusun Barat Lorong, Desa Peltong Kec. Larangan Kab. Pamekasan, Peltong, Larangan, Kab. Pamekasan, Jawa Timur JAWA TIMUR"
SPPG Pamekasan Pakong Lebbek,"Dusun Sumber Tengah, Desa Lebbek, Kecamatan Pakong, Kabupaten Pamekasan, Provinsi Jawa Timur",-,JAWA TIMUR,Wilayah II,Mea Kuraini Syafitri,,"Pamekasan Pakong Lebbek Dusun Sumber Tengah, Desa Lebbek, Kecamatan Pakong, Kabupaten Pamekasan, Provinsi Jawa Timur JAWA TIMUR"
SPPG Pamekasan Palengaan Palengaan Dajah 4,"Jl. Sumber Kembang Dusun Kembang I, Palengaan Dajah, Palenggaan, Kabupaten Pamekasan, Jawa Timur",14-08-2025,JAWA TIMUR,Wilayah II,Moh Ipung,,"Pamekasan Palengaan Palengaan Dajah 4 Jl. Sumber Kembang Dusun Kembang I, Palengaan Dajah, Palenggaan, Kabupaten Pamekasan, Jawa Timur JAWA TIMUR"
SPPG Pandeglang Cisata Kubangkondang 2,"Kampung Lapangan, RT 003 RW 003, Desa Kubangkondang, Kecamatan Cisata, Kabupaten Pandeglang, Provinsi Banten",05-08-2025,BANTEN,Wilayah II,Imam Fauzi,,"Pandeglang Cisata Kubangkondang 2 Kampung Lapangan, RT 003 RW 003, Desa Kubangkondang, Kecamatan Cisata, Kabupaten Pandeglang, Provinsi Banten BANTEN"
SPPG Pandeglang Menes Menes 1,"Kampung Banjar Kulon , RT/RW 002/007, Desa Menes",17-02-2025,BANTEN,Wilayah II,Suhari,Yayasan Daar El Mustadh`afin,"Pandeglang Menes Menes 1 Kampung Banjar Kulon , RT/RW 002/007, Desa Menes BANTEN"
SPPG Pandeglang Menes Purwaraja,"Kampung kadutanggai rt 003 rw 007, Desa purwaraja, Kecamatan menes, kabupaten pandeglang, Provinsi Banten",27-08-2025,BANTEN,Wilayah II,Rudi Supriadi,,"Pandeglang Menes Purwaraja Kampung kadutanggai rt 003 rw 007, Desa purwaraja, Kecamatan menes, kabupaten pandeglang, Provinsi Banten BANTEN"
SPPG Pandeglang Patia Surianeun,"Jalan Raya Surianeun Patia Nomor 1 Km 4, Desa Surianeun, Kecamatan Patia, Kabupaten Pandeglang, Provinsi Banten",23-08-2025,BANTEN,Wilayah II,Moh. Arif,,"Pandeglang Patia Surianeun Jalan Raya Surianeun Patia Nomor 1 Km 4, Desa Surianeun, Kecamatan Patia, Kabupaten Pandeglang, Provinsi Banten BANTEN"
SPPG Pangandaran Langkaplancar Jadimulya,"Jl. Raya Jadimulya Dusun Sidikmulya Rt02 Rw 07 Jadimulya Kecamatan Langkap Lancar Kabupaten Pangandaran, Jawa Barat",17-10-2025,JAWA BARAT,Wilayah II,Gugun Taufik Hidayat,,"Pangandaran Langkaplancar Jadimulya Jl. Raya Jadimulya Dusun Sidikmulya Rt02 Rw 07 Jadimulya Kecamatan Langkap Lancar Kabupaten Pangandaran, Jawa Barat JAWA BARAT"
SPPG Pangkajene Dan Kepulauan Labakkang Labakkang,"Jl. Bontowa Raya, Desa Labakkang, Kecamatan Labakang, Kabupaten Pangkajene Dan Kepulauan, Labakkang, Labakkang, Kabupaten Pangkajene Kepulauan, Sulawesi Selatan",05-09-2025,SULAWESI SELATAN,Wilayah III,Ardiansyah,,"Pangkajene Dan Kepulauan Labakkang Labakkang Jl. Bontowa Raya, Desa Labakkang, Kecamatan Labakang, Kabupaten Pangkajene Dan Kepulauan, Labakkang, Labakkang, Kabupaten Pangkajene Kepulauan, Sulawesi Selatan SULAWESI SELATAN"
SPPG Pangkajene Dan Kepulauan Marang Talaka,"Jl. Poros Makassar Pare-Pare Kel. Talaka Kec. Marang Kab. Pangkajene &amp;amp;amp;amp;amp; Kepulauan, Sulawesi Selatan",27-09-2025,SULAWESI SELATAN,Wilayah III,Awal Fajaruddin,,"Pangkajene Dan Kepulauan Marang Talaka Jl. Poros Makassar Pare-Pare Kel. Talaka Kec. Marang Kab. Pangkajene &amp;amp;amp;amp;amp; Kepulauan, Sulawesi Selatan SULAWESI SELATAN"
SPPG Pangkajene Dan Kepulauan Segeri Segeri,"Jl. Poros Segeri Baru Km 73 Timporongan, Kelurahan Segeri, Kecamatan Segeri, Kabupaten Pangkajene Kepulauan, Sulawesi Selatan, Segeri, Segeri, Kab. Pangkajene Kepulauan, Sulawesi Selatan",19-09-2025,SULAWESI SELATAN,Wilayah III,Ashar Saputra,,"Pangkajene Dan Kepulauan Segeri Segeri Jl. Poros Segeri Baru Km 73 Timporongan, Kelurahan Segeri, Kecamatan Segeri, Kabupaten Pangkajene Kepulauan, Sulawesi Selatan, Segeri, Segeri, Kab. Pangkajene Kepulauan, Sulawesi Selatan SULAWESI SELATAN"
SPPG Pati Cluwak Sumur,"Jalan Raya Wedusan, RT 019/RW 003, Desa Sumur, Kecamatan Cluwak, Kabupaten Pati, Provinsi Jawa Tengah",05-05-2025,JAWA TENGAH,Wilayah II,Riza Ishlahul Basyar,Yayasan Dwija Jaya Harmoni,"Pati Cluwak Sumur Jalan Raya Wedusan, RT 019/RW 003, Desa Sumur, Kecamatan Cluwak, Kabupaten Pati, Provinsi Jawa Tengah JAWA TENGAH"
SPPG Pati Juwana Karangrejo,"Jalan Bumirejo Pekuwon, Desa Karangrejo RT 005 RW 001, Kecamatan Juwana, Kabupaten Pati, Jawa Tengah",22-08-2025,JAWA TENGAH,Wilayah II,Siswono Yoga Utama,,"Pati Juwana Karangrejo Jalan Bumirejo Pekuwon, Desa Karangrejo RT 005 RW 001, Kecamatan Juwana, Kabupaten Pati, Jawa Tengah JAWA TENGAH"
SPPG Pati Pati Puri,Dapur Puri Desa Puri Rt 02 Rw 08 Kecamatan Puri Kabupaten Pati Jawa Tengah ,11-10-2025,JAWA TENGAH,Wilayah II,Novia Tirensa,,Pati Pati Puri Dapur Puri Desa Puri Rt 02 Rw 08 Kecamatan Puri Kabupaten Pati Jawa Tengah  JAWA TENGAH
SPPG Pati Sukolilo Prawoto,"Jl. Karang Tandan Rt 06 Rw 04 Kelurahan Prawoto, Kecamatan Sukolilo, Kabupaten Pati, Jawa Tengah",08-09-2025,JAWA TENGAH,Wilayah II,Akid Shofiyanto Nugroho,,"Pati Sukolilo Prawoto Jl. Karang Tandan Rt 06 Rw 04 Kelurahan Prawoto, Kecamatan Sukolilo, Kabupaten Pati, Jawa Tengah JAWA TENGAH"
SPPG Pati Tayu Pakis,"Depan Pabrik Gula Pakis, Desa Pakis Rt. 03 Rw. 06 Kecamatan Tayu Kabupaten Pati, Jawa Tengah",10-10-2025,JAWA TENGAH,Wilayah II,Andrea Ari Matea,,"Pati Tayu Pakis Depan Pabrik Gula Pakis, Desa Pakis Rt. 03 Rw. 06 Kecamatan Tayu Kabupaten Pati, Jawa Tengah JAWA TENGAH"
SPPG Pemalang Belik Gunungtiga,"Dusun Sawangan, Desa Bulakan Rt/Rw 003/005, Kecamatan Belik, Kabupaten Pemalang, Jawa Tengah.",22-09-2025,JAWA TENGAH,Wilayah II,Ginanjar Sandika,,"Pemalang Belik Gunungtiga Dusun Sawangan, Desa Bulakan Rt/Rw 003/005, Kecamatan Belik, Kabupaten Pemalang, Jawa Tengah. JAWA TENGAH"
SPPG Pemalang Taman Kaligelang,"Jl. Ternate Rt002 Rw 006 Desa Kaligelang, Kecamatan Taman, Kabupaten Pemalang, Jawa Tengah

-6.9202910876884225, 109.39292799267133",30-09-2025,JAWA TENGAH,Wilayah II,Aulia Salsabila Manan,,"Pemalang Taman Kaligelang Jl. Ternate Rt002 Rw 006 Desa Kaligelang, Kecamatan Taman, Kabupaten Pemalang, Jawa Tengah

-6.9202910876884225, 109.39292799267133 JAWA TENGAH"
SPPG Pemalang Warungpring Mereng,"Jl. Pancasila Dusun Bengkeng Rt 02 Rw 01 Desa Mereng Kecamatan Warungpring, Kabupaten Pemalang, Jawa Tengah",17-10-2025,JAWA TENGAH,Wilayah II,Ratih Farrasanti,,"Pemalang Warungpring Mereng Jl. Pancasila Dusun Bengkeng Rt 02 Rw 01 Desa Mereng Kecamatan Warungpring, Kabupaten Pemalang, Jawa Tengah JAWA TENGAH"
SPPG Pesisir Selatan Bayang Tanjung Durian Pasar Baru 2,"Jl. Tanjung Durian, Pasar Baru, Kecamatan Bayang, Kabupaten Pesisir Selatan, Sumatera Barat 21625, Tanjung Durian Pasar Baru, Bayang, Kabupaten Pesisir Selatan, Sumatera Barat",29-09-2025,SUMATERA BARAT,Wilayah I,Anggi Nofri Saputra,,"Pesisir Selatan Bayang Tanjung Durian Pasar Baru 2 Jl. Tanjung Durian, Pasar Baru, Kecamatan Bayang, Kabupaten Pesisir Selatan, Sumatera Barat 21625, Tanjung Durian Pasar Baru, Bayang, Kabupaten Pesisir Selatan, Sumatera Barat SUMATERA BARAT"
SPPG Pesisir Selatan Lengayang Kambang Barat,"Jalan Pasir Putih, Desa Pasar Gompong, Kenagarian Kambang Barat, Kecamatan Lengayang, Kabupaten Pesisir Selatan, Provinsi Sumatera Barat",04-08-2025,SUMATERA BARAT,Wilayah I,Yuri Yanti,Yayasan Bungo Tanjuang Pasar Gompong,"Pesisir Selatan Lengayang Kambang Barat Jalan Pasir Putih, Desa Pasar Gompong, Kenagarian Kambang Barat, Kecamatan Lengayang, Kabupaten Pesisir Selatan, Provinsi Sumatera Barat SUMATERA BARAT"
SPPG Pesisir Selatan Silaut Silaut,"Kota Terpadu Mandiri Kampung Tanjung Makmur, Kenagarian Lubuk Bunta, Kecamatan Silaut, Kabupaten Pesisir Selatan, Provinsi Sumatera Barat",04-08-2025,SUMATERA BARAT,Wilayah I,"Andre Irawan, S. IP",Yayasan Pendidikan Tanjung Makmur,"Pesisir Selatan Silaut Silaut Kota Terpadu Mandiri Kampung Tanjung Makmur, Kenagarian Lubuk Bunta, Kecamatan Silaut, Kabupaten Pesisir Selatan, Provinsi Sumatera Barat SUMATERA BARAT"
SPPG Pidie Delima Dayah Reubee,"Jalan Padang Tiji-Garot, Gampong Dayah Reubee, Kecamatan Delima, Kabupaten Pidie, Provinsi Aceh",23-08-2025,ACEH,Wilayah I,A. Zaman Huri,,"Pidie Delima Dayah Reubee Jalan Padang Tiji-Garot, Gampong Dayah Reubee, Kecamatan Delima, Kabupaten Pidie, Provinsi Aceh ACEH"
SPPG Pidie Delima Keurumbok,"JL. GAROT REUBEE, DESA KEURUMBOK AREE, KECAMATAN DELIMA, KAB PIDIE, ACEH, KEURUMBOK, DELIMA, KAB. PIDIE, ACEH",19-08-2025,ACEH,Wilayah I,Bahrol Walidin,,"Pidie Delima Keurumbok JL. GAROT REUBEE, DESA KEURUMBOK AREE, KECAMATAN DELIMA, KAB PIDIE, ACEH, KEURUMBOK, DELIMA, KAB. PIDIE, ACEH ACEH"
SPPG Pidie Glumpang Tiga Blang Drang,"Jalan Kuala Tari, Mukim Teupin Raya, Gampong Blang Drang, Kecamatan Glumpang Tiga, Kabupaten Pidie, Provinsi Aceh",21-08-2025,ACEH,Wilayah I,Dinda Rizkina,,"Pidie Glumpang Tiga Blang Drang Jalan Kuala Tari, Mukim Teupin Raya, Gampong Blang Drang, Kecamatan Glumpang Tiga, Kabupaten Pidie, Provinsi Aceh ACEH"
SPPG Pidie Grong-grong Grong-grong,"Jl. Medan Banda Aceh  No. 6, 7 Dan 8 Gp. Grong-Grong Kec. Grong-Grong Kab. Pidie, Grong-Grong, Grong-Grong, Kab. Pidie, Aceh",06-08-2025,ACEH,Wilayah I,Abdul Muthaleb,,"Pidie Grong-grong Grong-grong Jl. Medan Banda Aceh  No. 6, 7 Dan 8 Gp. Grong-Grong Kec. Grong-Grong Kab. Pidie, Grong-Grong, Grong-Grong, Kab. Pidie, Aceh ACEH"
SPPG Pidie Mutiara Timur Jiem,"`Jl. Beureunuen Kembang	 Tanjung, Gampong Jiem, Kecamatan Mutiara Timur, Kabupaten Pidie, Desa/Kelurahan Jiem, Kec. Mutiara Timur, Kab. Pidie,	Provinsi	Aceh`",03-09-2025,ACEH,Wilayah I,Miftahuddin,,"Pidie Mutiara Timur Jiem `Jl. Beureunuen Kembang	 Tanjung, Gampong Jiem, Kecamatan Mutiara Timur, Kabupaten Pidie, Desa/Kelurahan Jiem, Kec. Mutiara Timur, Kab. Pidie,	Provinsi	Aceh` ACEH"
SPPG Pinrang Paleteang Laleng Bata,"Jl. A. Johan No. 150, Kelurahan Laleng Bata, Kecamatan Paleteang, Kabupaten Pinrang, Sulawesi Selatan, Laleng Bata, Paleteang, Kab. Pinrang, Sulawesi Selatan",09-09-2025,SULAWESI SELATAN,Wilayah III,Nursuciyani Jamal,,"Pinrang Paleteang Laleng Bata Jl. A. Johan No. 150, Kelurahan Laleng Bata, Kecamatan Paleteang, Kabupaten Pinrang, Sulawesi Selatan, Laleng Bata, Paleteang, Kab. Pinrang, Sulawesi Selatan SULAWESI SELATAN"
SPPG Polda Sumsel,"Komplek Perumahan Polri Pakri, Jalan Pakri V, Gedung Bundar.",18-08-2025,SUMATERA SELATAN,Wilayah I,Suci Ramayanti,,"Polda Sumsel Komplek Perumahan Polri Pakri, Jalan Pakri V, Gedung Bundar. SUMATERA SELATAN"
SPPG Ponorogo Badegan Karangjoho,"Desa Karangjoho, Kecamatan Badegan, Kabupaten Ponorogo, Jawa Tengah",16-10-2025,JAWA TIMUR,Wilayah II,Tika Dwi Ayu Budi Hapsari,,"Ponorogo Badegan Karangjoho Desa Karangjoho, Kecamatan Badegan, Kabupaten Ponorogo, Jawa Tengah JAWA TIMUR"
SPPG Ponorogo Jetis Ngasinan 2,"Jl. Jawa No. 12, Rt 01/ Rw 01, Dukuh Ngasinan, Kecamatan Jetis, Kabupaten Ponorogo, Jawa Timur",09-10-2025,JAWA TIMUR,Wilayah II,Niko Husna Satria,,"Ponorogo Jetis Ngasinan 2 Jl. Jawa No. 12, Rt 01/ Rw 01, Dukuh Ngasinan, Kecamatan Jetis, Kabupaten Ponorogo, Jawa Timur JAWA TIMUR"
SPPG Poso Lore Utara Watumaeta,"Jl. Dongi Dongi Samping Masjid Watumaeta, Kec. Lore Utara, Kab. Poso, Watumaeta, Lore Utara, Kab. Poso, Sulawesi Tengah",29-08-2025,SULAWESI TENGAH,Wilayah III,Dikson Nopriyanto Poku,,"Poso Lore Utara Watumaeta Jl. Dongi Dongi Samping Masjid Watumaeta, Kec. Lore Utara, Kab. Poso, Watumaeta, Lore Utara, Kab. Poso, Sulawesi Tengah SULAWESI TENGAH"
SPPG Poso Pamona Puselemba Sangele,"Jl. Setia Budi no 93, Kel. Sangele, Kec. Pomona Puselemba, Kab. Poso, Sulawesi Tengah",17-03-2025,SULAWESI TENGAH,Wilayah III,Dzulfadhli,Yayasan Cahaya Langowan Nusantara,"Poso Pamona Puselemba Sangele Jl. Setia Budi no 93, Kel. Sangele, Kec. Pomona Puselemba, Kab. Poso, Sulawesi Tengah SULAWESI TENGAH"
SPPG Pringsewu Pagelaran Gumuk Mas 2,"Jl. Sultan Hasanudin, Gumuk Mas, Kec. Pagelaran, Kabupaten Pringsewu, Lampung ",10-10-2025,LAMPUNG,Wilayah I,Erik Adi Pangestu,,"Pringsewu Pagelaran Gumuk Mas 2 Jl. Sultan Hasanudin, Gumuk Mas, Kec. Pagelaran, Kabupaten Pringsewu, Lampung  LAMPUNG"
SPPG Pulau Taliabu Taliabu Barat Wayo,"Jl. Raya Bobong Talo, Desa Wayo, Kecamatan Taliabu Barat Kabupaten&amp;amp;amp;amp;nbsp;Pulau&amp;amp;amp;amp;nbsp;Taliabu, Provinsi Maluku Utara",08-09-2025,MALUKU UTARA,Wilayah III,Moh. Fauzi Panigfat,,"Pulau Taliabu Taliabu Barat Wayo Jl. Raya Bobong Talo, Desa Wayo, Kecamatan Taliabu Barat Kabupaten&amp;amp;amp;amp;nbsp;Pulau&amp;amp;amp;amp;nbsp;Taliabu, Provinsi Maluku Utara MALUKU UTARA"
SPPG Purwakarta Babakancikao Kadumekar,"Kampung Cikadu RT. 012 RW. 04, Desa Kadumekar, Kecamatan Babakancikao, Kabupaten Purwakarta, Provinsi Jawa Barat",22-08-2025,JAWA BARAT,Wilayah II,Rivaldo,,"Purwakarta Babakancikao Kadumekar Kampung Cikadu RT. 012 RW. 04, Desa Kadumekar, Kecamatan Babakancikao, Kabupaten Purwakarta, Provinsi Jawa Barat JAWA BARAT"
SPPG Purwakarta Cibatu Cibukamanah,Kampung Pangkalan 2 RT 003 RW 001 Desa Cibukamanah Kecamatan Cibatu Kabupaten Purwakarta Provinsi Jawa Barat ,30-09-2025,JAWA BARAT,Wilayah II,Dika Andriansyah,,Purwakarta Cibatu Cibukamanah Kampung Pangkalan 2 RT 003 RW 001 Desa Cibukamanah Kecamatan Cibatu Kabupaten Purwakarta Provinsi Jawa Barat  JAWA BARAT
SPPG Purwakarta Maniis Sinargalih,"Kampung Ciloa RT. 011 RW. 03, Desa Sinargalih, Kecamatan Maniis, Kabupaten Purwakarta, Provinsi Jawa Barat",22-08-2025,JAWA BARAT,Wilayah II,Rohendi Ali,,"Purwakarta Maniis Sinargalih Kampung Ciloa RT. 011 RW. 03, Desa Sinargalih, Kecamatan Maniis, Kabupaten Purwakarta, Provinsi Jawa Barat JAWA BARAT"
SPPG Purwakarta Tegalwaru Cadasmekar,"Kampung Babakan Rt04 Rw02, Cadasmekar, Kecamatan Tegalwaru, Kabupaten Purwakarta, Jawa Barat",09-10-2025,JAWA BARAT,Wilayah II,Muhamad Iqbal Syafaat,,"Purwakarta Tegalwaru Cadasmekar Kampung Babakan Rt04 Rw02, Cadasmekar, Kecamatan Tegalwaru, Kabupaten Purwakarta, Jawa Barat JAWA BARAT"
SPPG Purwakarta Wanayasa Simpang,"Kampung Ciherang Rt 004 Rw 002 Desa Simpang Kecamatan Wanayasa Kabupaten Purwakarta, Jawa Barat",25-09-2025,JAWA BARAT,Wilayah II,Fakhri Atallah Tresna Irawan,,"Purwakarta Wanayasa Simpang Kampung Ciherang Rt 004 Rw 002 Desa Simpang Kecamatan Wanayasa Kabupaten Purwakarta, Jawa Barat JAWA BARAT"
SPPG Purworejo Bayan Botodaleman,"Desa Botodaleman Rt 01 / Rw 02, Kecamatan Bayan, Kabupaten Purworejo, Jawa Tengah",01-10-2025,JAWA TENGAH,Wilayah II,Nur Syarifudin,,"Purworejo Bayan Botodaleman Desa Botodaleman Rt 01 / Rw 02, Kecamatan Bayan, Kabupaten Purworejo, Jawa Tengah JAWA TENGAH"
SPPG Purworejo Gebang Winonglor,"Karangendhep Rt.002 Rw. 004, Desa Winonglor, Kecamatan Gebang, Kabupaten Purworejo, Jawa Tengah",07-09-2025,JAWA TENGAH,Wilayah II,Anjas Kartikantoro,,"Purworejo Gebang Winonglor Karangendhep Rt.002 Rw. 004, Desa Winonglor, Kecamatan Gebang, Kabupaten Purworejo, Jawa Tengah JAWA TENGAH"
SPPG Raja Ampat Kota Waisai Waisai 2,"JL Abdul Arfan Kel. Waisai, Dist. Kota Waisai",21-04-2025,PAPUA BARAT DAYA,Wilayah III,Erol Triadi Huninhatu,Yayasan Keadilan Papua Sejahtera,"Raja Ampat Kota Waisai Waisai 2 JL Abdul Arfan Kel. Waisai, Dist. Kota Waisai PAPUA BARAT DAYA"
SPPG Raja Ampat Kota Waisai Waisai 3,"jln. batanta  Waisai, Waisai, Kota Waisai, Kab. Raja Ampat, Papua Barat Daya",02-06-2025,PAPUA BARAT DAYA,Wilayah III,Firstya Gunawan Jati,,"Raja Ampat Kota Waisai Waisai 3 jln. batanta  Waisai, Waisai, Kota Waisai, Kab. Raja Ampat, Papua Barat Daya PAPUA BARAT DAYA"
SPPG Rejang Lebong Curup Tengah Talang Rimbo Baru,"Jalan Iskandar Ong No. 43, RT 009 RW 003, Kelurahan Talang Rimbo Baru, Kecamatan Curup Tengah, Kabupaten Rejang Lebong, Provinsi Bengkulu ",04-08-2025,BENGKULU,Wilayah I,Farid Abdullah ,,"Rejang Lebong Curup Tengah Talang Rimbo Baru Jalan Iskandar Ong No. 43, RT 009 RW 003, Kelurahan Talang Rimbo Baru, Kecamatan Curup Tengah, Kabupaten Rejang Lebong, Provinsi Bengkulu  BENGKULU"
SPPG Rembang Rembang Padaran,PERUMAHAN TERRALESTARI HARMONI BLOK F 95 - F 98. DESA PADARAN RT.001/RW.005. KECAMATAN REMBANG. KABUPATEN REMBANG. PROVINSI JAWA TENGAH,21-07-2025,JAWA TENGAH,Wilayah II,DIMAS ANANDA PUTRA PRATAMA S.M,Yayasan Arunika Bumi Jaya,Rembang Rembang Padaran PERUMAHAN TERRALESTARI HARMONI BLOK F 95 - F 98. DESA PADARAN RT.001/RW.005. KECAMATAN REMBANG. KABUPATEN REMBANG. PROVINSI JAWA TENGAH JAWA TENGAH
SPPG Rembang Rembang Padaran 2,"Perumahan Terralestari Harmoni Blok. D19-D23 &amp;amp;amp;amp;amp; D25, Desa Padaran Rt.002/Rw.005, Kecamatan Rembang, Kabupaten Rembang, Propinsi Jawa Tengah 59219, Padaran, Rembang, Kab. Rembang, Jawa Tengah",04-09-2025,JAWA TENGAH,Wilayah II,Dafa Archi Laksana,,"Rembang Rembang Padaran 2 Perumahan Terralestari Harmoni Blok. D19-D23 &amp;amp;amp;amp;amp; D25, Desa Padaran Rt.002/Rw.005, Kecamatan Rembang, Kabupaten Rembang, Propinsi Jawa Tengah 59219, Padaran, Rembang, Kab. Rembang, Jawa Tengah JAWA TENGAH"
SPPG Rembang Sluke Sluke,"Dukuh Tawang Rejo, Desa Sluke, RT 04/RW 04, Kec. Sluke, Kab. Rembang",17-02-2025,JAWA TENGAH,Wilayah II,Aprilia Qoulan Syakila,Yayasan Manbaul Hikam Sluke,"Rembang Sluke Sluke Dukuh Tawang Rejo, Desa Sluke, RT 04/RW 04, Kec. Sluke, Kab. Rembang JAWA TENGAH"
SPPG Rembang Sulang Sulang,"Rt 01. Rw 06, Dukuh Tegalgede, Desa Sulang, Kecamatan Sulang, Kab. Rembang, Jawa Tengah",07-09-2025,JAWA TENGAH,Wilayah II,Muhammad Arsa Bhuwana Adi,,"Rembang Sulang Sulang Rt 01. Rw 06, Dukuh Tegalgede, Desa Sulang, Kecamatan Sulang, Kab. Rembang, Jawa Tengah JAWA TENGAH"
SPPG Rokan Hilir Batu Hampar Bantayan Hilir,Jl. Lintas Ujung Tanjung-Bagansiapiapi. Km 35. Pematang Batu Hampar. Kec. Batu Hampar. Rokan Hilir,17-03-2025,RIAU,Wilayah I,Hafis Saputra,Yayasan Intan Permata Rokan Hilir,Rokan Hilir Batu Hampar Bantayan Hilir Jl. Lintas Ujung Tanjung-Bagansiapiapi. Km 35. Pematang Batu Hampar. Kec. Batu Hampar. Rokan Hilir RIAU
SPPG Rokan Hulu Kepenuhan Kepenuhan Barat,Sei Emas Desa Kepenuhan Barat RT 002 RW 009 Dusun Sei Kepenuhan Kec. Kepenuhan Kab Rokan Hulu Provinsi Riau,21-08-2025,RIAU,Wilayah I,Khoiriyah,,Rokan Hulu Kepenuhan Kepenuhan Barat Sei Emas Desa Kepenuhan Barat RT 002 RW 009 Dusun Sei Kepenuhan Kec. Kepenuhan Kab Rokan Hulu Provinsi Riau RIAU
SPPG Sambas Sambas Dalam Kaum 3,"Dusun Sukamantri Komplek Didis Permai Jalur 1 No 02, Desa Dalam Kaum, Kec. Sambas, Kab. Sambas, Kalimantan Barat",06-10-2025,KALIMANTAN BARAT,Wilayah III,Septiyola Prayokta,,"Sambas Sambas Dalam Kaum 3 Dusun Sukamantri Komplek Didis Permai Jalur 1 No 02, Desa Dalam Kaum, Kec. Sambas, Kab. Sambas, Kalimantan Barat KALIMANTAN BARAT"
SPPG Sambas Sambas Saing Rambi,"Jalan Terigas, Dusun Saing Rambi, Desa Rambi, RT 01, RW 01 Kec. Sambas, Kab. Sambas",14-04-2025,KALIMANTAN BARAT,Wilayah III,maulana imamul azis,Yayasan Mandiri Pangan Berdikari,"Sambas Sambas Saing Rambi Jalan Terigas, Dusun Saing Rambi, Desa Rambi, RT 01, RW 01 Kec. Sambas, Kab. Sambas KALIMANTAN BARAT"
SPPG Sampang Camplong Banjar Talela,"Desa Banjar Talela Kec Camplong Kab Sampang Jatim, Banjar Talela, Camplong, Kabupaten Sampang, Jawa Timur",27-09-2025,JAWA TIMUR,Wilayah II,Randan,,"Sampang Camplong Banjar Talela Desa Banjar Talela Kec Camplong Kab Sampang Jatim, Banjar Talela, Camplong, Kabupaten Sampang, Jawa Timur JAWA TIMUR"
SPPG Sampang Camplong Tamba`an,"SPPG YSDP Babur Rizki Desa Tambaan, Kecamatan Camplong, Kabupaten Sampang, Provinsi Jawa Timur",31-07-2025,JAWA TIMUR,Wilayah II,Moh. Abdhalul Farizi,,"Sampang Camplong Tamba`an  YSDP Babur Rizki Desa Tambaan, Kecamatan Camplong, Kabupaten Sampang, Provinsi Jawa Timur JAWA TIMUR"
SPPG Sampang Jrengik Jungkarang,"Jalan Raya Jungkarang, Desa Jungkarang, Kecamatan Jrengik, Kabupaten Sampang, Provinsi Jawa Timur",24-08-2025,JAWA TIMUR,Wilayah II,Rahmad Ainul Faqih,,"Sampang Jrengik Jungkarang Jalan Raya Jungkarang, Desa Jungkarang, Kecamatan Jrengik, Kabupaten Sampang, Provinsi Jawa Timur JAWA TIMUR"
SPPG Sampang Jrengik Taman 2,Jl. Raya Jrengik Desa Taman Ciken Kecamatan Jrengik Kabupaten Sampang Provinsi Jawa Timur,01-09-2025,JAWA TIMUR,Wilayah II,Abdillah Nauvally Rizky,,Sampang Jrengik Taman 2 Jl. Raya Jrengik Desa Taman Ciken Kecamatan Jrengik Kabupaten Sampang Provinsi Jawa Timur JAWA TIMUR
SPPG Sampang Karangpenang Blu Uran,"Dusun Nagasari Timur, Desa Blu`uran, Kecamatan Karangpenang, Kabupaten Sampang, Provinsi Jawa Timur",29-07-2025,JAWA TIMUR,Wilayah II,Moh Junaidi,,"Sampang Karangpenang Blu Uran Dusun Nagasari Timur, Desa Blu`uran, Kecamatan Karangpenang, Kabupaten Sampang, Provinsi Jawa Timur JAWA TIMUR"
SPPG Sampang Karangpenang Bulmatet,"Dusun Grunggungan Timur, Desa Bulmatet, Kecamatan Karang Penang, Kabupaten Sampang, Jawa Timur",21-08-2025,JAWA TIMUR,Wilayah II,Khairul Umam,,"Sampang Karangpenang Bulmatet Dusun Grunggungan Timur, Desa Bulmatet, Kecamatan Karang Penang, Kabupaten Sampang, Jawa Timur JAWA TIMUR"
SPPG Sampang Robatal Gunung Rancak 2,"`SPPG YSPD Al-Ihsan Desa Gunung Rancak, Kecamatan Robatal, Kabupaten Sampang, Provinsi Jawa Timur`",31-07-2025,JAWA TIMUR,Wilayah II,Efendi Budiono,,"Sampang Robatal Gunung Rancak 2 ` YSPD Al-Ihsan Desa Gunung Rancak, Kecamatan Robatal, Kabupaten Sampang, Provinsi Jawa Timur` JAWA TIMUR"
SPPG Sampang Robatal Robatal,"Desa Robatal Kec Robatal Kab Sampang Jatim, Robatal, Robatal, Kab. Sampang, Jawa Timur",30-09-2025,JAWA TIMUR,Wilayah II,Solihin,,"Sampang Robatal Robatal Desa Robatal Kec Robatal Kab Sampang Jatim, Robatal, Robatal, Kab. Sampang, Jawa Timur JAWA TIMUR"
SPPG Sanggau Tayan Hilir Pedalaman,"Jl. Gusti Dja`Far Desa Pedalaman Kecamatan Tayan Hilir Kabupaten Sanggau Kode Pos 78564, Pedalaman, Tayan Hilir, Kab. Sanggau, Kalimantan Barat",06-09-2025,KALIMANTAN BARAT,Wilayah III,Rizki Afrianto Wisnu Wardana,,"Sanggau Tayan Hilir Pedalaman Jl. Gusti Dja`Far Desa Pedalaman Kecamatan Tayan Hilir Kabupaten Sanggau Kode Pos 78564, Pedalaman, Tayan Hilir, Kab. Sanggau, Kalimantan Barat KALIMANTAN BARAT"
SPPG Sarmi Sarmi Lembah Neidam,"Jln. Pemda 1 Lembah Neidam, Kecamatan Sarmi Kabupaten Sarmi",05-05-2025,P A P U A,Wilayah III,Amelia Beno,,"Sarmi Sarmi Lembah Neidam Jln. Pemda 1 Lembah Neidam, Kecamatan Sarmi Kabupaten Sarmi P A P U A"
SPPG Seram Bagian Barat Taniwel Taniwel,Jl.Lintas Seram Kairatu Desa Kairatu Kec. Kairatu,05-05-2025,MALUKU,Wilayah III,Mega Novari Tanikwele ,Yayasan Seram Raya Al Aziz,Seram Bagian Barat Taniwel Taniwel Jl.Lintas Seram Kairatu Desa Kairatu Kec. Kairatu MALUKU
SPPG Serdang Bedagai Sei Rampah Pergulaan,"JL. BELIDAAN - DOLOK MASIHUL DUSUN V, DESA PERGULAAN, KECAMATAN SEI RAMPAH, KABUPATEN SERDANG BEDAGAI",02-06-2025,SUMATERA UTARA,Wilayah I,Fitri Insani Harahap,Yayasan Sinar Cahaya Keluarga,"Serdang Bedagai Sei Rampah Pergulaan JL. BELIDAAN - DOLOK MASIHUL DUSUN V, DESA PERGULAAN, KECAMATAN SEI RAMPAH, KABUPATEN SERDANG BEDAGAI SUMATERA UTARA"
SPPG Siak Kandis Libo Jaya,"Jl. Hinduk Sutan Bertuah, Kelurahan Libo Jaya, Kecamatan Kandis, Kabupaten Siak, Provinsi Riau",29-09-2025,RIAU,Wilayah I,Fauzi Nofandra Hermansyah,,"Siak Kandis Libo Jaya Jl. Hinduk Sutan Bertuah, Kelurahan Libo Jaya, Kecamatan Kandis, Kabupaten Siak, Provinsi Riau RIAU"
SPPG Siak Sabak Auh Bandar Pedada,"Jl. Hangtuah Rt02/Rw01, Desa Bandar Pedada, Kecamatan Sabak Auh, Kabupaten Siak Riau 28684",03-09-2025,RIAU,Wilayah I,Sholihin,,"Siak Sabak Auh Bandar Pedada Jl. Hangtuah Rt02/Rw01, Desa Bandar Pedada, Kecamatan Sabak Auh, Kabupaten Siak Riau 28684 RIAU"
SPPG Siak Sabak Auh Bandar Pedada 2,Jl. Bob Arah Langkat Rt. 01 Rw. 01 Dusun 01 Desa Bandar Pedada Kecamatan Sabak Auh Kabupaten Siak Provinsi Riau,07-10-2025,RIAU,Wilayah I,Sudarmawan,,Siak Sabak Auh Bandar Pedada 2 Jl. Bob Arah Langkat Rt. 01 Rw. 01 Dusun 01 Desa Bandar Pedada Kecamatan Sabak Auh Kabupaten Siak Provinsi Riau RIAU
SPPG Siak Sungai Apit Penyengat,"Jl. Batin Rimbun Rt 01 Rk  01 Dusun I Rt.Rw : 01.01, Penyengat, Kec. Sungai Apit, Kab. Siak, Riau",04-10-2025,RIAU,Wilayah I,M.Syukri,,"Siak Sungai Apit Penyengat Jl. Batin Rimbun Rt 01 Rk  01 Dusun I Rt.Rw : 01.01, Penyengat, Kec. Sungai Apit, Kab. Siak, Riau RIAU"
SPPG Siak Tualang Perawang Barat,"Jl. Sultan Syarif Qasim No.56, Rt.10, Rw.06, Km.06 Perawang Barat, Tualang., Perawang Barat, Tualang, Kab. Siak, Riau",18-09-2025,RIAU,Wilayah I,Nurul Ikhsan,,"Siak Tualang Perawang Barat Jl. Sultan Syarif Qasim No.56, Rt.10, Rw.06, Km.06 Perawang Barat, Tualang., Perawang Barat, Tualang, Kab. Siak, Riau RIAU"
SPPG Siak Tualang Pinang Sebatang Timur,"Jalan Pandan No. 76, Rt 002 Rw 006, Desa Pinang Sebatang Timur, Kecamatan Tualang, Kabupaten Siak, Provinsi Riau.",28-08-2025,RIAU,Wilayah I,Fadila Afriansyah,,"Siak Tualang Pinang Sebatang Timur Jalan Pandan No. 76, Rt 002 Rw 006, Desa Pinang Sebatang Timur, Kecamatan Tualang, Kabupaten Siak, Provinsi Riau. RIAU"
SPPG Sidenreng Rappang Tellu Limpoe Pajalele,"Jl. Pallawa No. 2 Kelurahan Pajalele Kec. Tellu Limpoe Kab. Sidenreng Rappang Prov. Sulawesi Selatan, Pajalele, Tellu Limpoe, KAB. Sidenreng Rappang, Sulawesi Selatan",26-05-2025,SULAWESI SELATAN,Wilayah III,Andik Setiawan,Yayasan Andi Amar Maruf Sulaiman,"Sidenreng Rappang Tellu Limpoe Pajalele Jl. Pallawa No. 2 Kelurahan Pajalele Kec. Tellu Limpoe Kab. Sidenreng Rappang Prov. Sulawesi Selatan, Pajalele, Tellu Limpoe, KAB. Sidenreng Rappang, Sulawesi Selatan SULAWESI SELATAN"
SPPG Sigi Dolo Kotapulu,Jl. Poros Habib Muh. Aljufri,19-05-2025,SULAWESI TENGAH,Wilayah III,Aprilini Kartini Makaudis,Yayasan Cahaya Langowan Nusantara,Sigi Dolo Kotapulu Jl. Poros Habib Muh. Aljufri SULAWESI TENGAH
SPPG Sikka Alok Timur Nangameting,"Jalan Patirangga RT. 001/RW. 002, Kelurahan Beru, Kecamatan Alok Timur, Kabupaten Sikka,Provinsi Nusa Tenggara Timur",19-08-2025,NUSA TENGGARA TIMUR,Wilayah III,Maria Margareta Biba,,"Sikka Alok Timur Nangameting Jalan Patirangga RT. 001/RW. 002, Kelurahan Beru, Kecamatan Alok Timur, Kabupaten Sikka,Provinsi Nusa Tenggara Timur NUSA TENGGARA TIMUR"
SPPG Simeulue Simeulue Timur Air Pinang,"Jalan Sinabang - Sibigo Kecamatan Simeulue Timur - Kabupaten Simeulue - Aceh, Air Pinang, Simeulue Timur, Kab. Simeulue, Aceh",08-09-2025,ACEH,Wilayah I,Dodi Dola Saputra,,"Simeulue Simeulue Timur Air Pinang Jalan Sinabang - Sibigo Kecamatan Simeulue Timur - Kabupaten Simeulue - Aceh, Air Pinang, Simeulue Timur, Kab. Simeulue, Aceh ACEH"
SPPG Simeulue Teupah Barat Awe Kecil,Jl. Bahnurullah Desa Awe Kecil Kecamatan Teupah Barat Kabupaten Simeulue Provinsi Aceh,19-09-2025,ACEH,Wilayah I,Aden Gunawan,,Simeulue Teupah Barat Awe Kecil Jl. Bahnurullah Desa Awe Kecil Kecamatan Teupah Barat Kabupaten Simeulue Provinsi Aceh ACEH
SPPG Sinjai Tellu Limpoe Kalobba,"Desa Kalobba, Kecamatan Tellu Limpoe, Kabupaten Sinjai - Sulawesi Selatan, Kalobba, Tellu Limpoe, Kab. Sinjai, Sulawesi Selatan",12-09-2025,SULAWESI SELATAN,Wilayah III,Muh. Adam,,"Sinjai Tellu Limpoe Kalobba Desa Kalobba, Kecamatan Tellu Limpoe, Kabupaten Sinjai - Sulawesi Selatan, Kalobba, Tellu Limpoe, Kab. Sinjai, Sulawesi Selatan SULAWESI SELATAN"
SPPG Solok Kubung Selayo,"Jalan Sari Bulan, Kelurahan Selayo, Kecamatan Kubung, Kabupaten Solok, Provinsi Sumatera Barat",25-08-2025,SUMATERA BARAT,Wilayah I,Zakarya Anwar,,"Solok Kubung Selayo Jalan Sari Bulan, Kelurahan Selayo, Kecamatan Kubung, Kabupaten Solok, Provinsi Sumatera Barat SUMATERA BARAT"
SPPG Sragen Kalijambe Karangjati 2,"Jl. Solo-Purwodadi Km 17, Dusun 1, Kelurahan Karangjati, Kecamatan Kalijambe, Kabupaten Sragen, Provinsi Jawa Tengah",01-09-2025,JAWA TENGAH,Wilayah II,Wahyu Prasetyo,,"Sragen Kalijambe Karangjati 2 Jl. Solo-Purwodadi Km 17, Dusun 1, Kelurahan Karangjati, Kecamatan Kalijambe, Kabupaten Sragen, Provinsi Jawa Tengah JAWA TENGAH"
SPPG Sragen Plupuh Ngrombo,"Dukuh Wirosari, Rt 019, Desa Ngombro, Kecamatan  Plupuh, Kabupaten Sragen, Jawa Tengah",24-09-2025,JAWA TENGAH,Wilayah II,Wahyu Budi Utomo,,"Sragen Plupuh Ngrombo Dukuh Wirosari, Rt 019, Desa Ngombro, Kecamatan  Plupuh, Kabupaten Sragen, Jawa Tengah JAWA TENGAH"
SPPG Sragen Sidoharjo Tenggak,"Ngagel Rt.18/06, Tenggak, Kec. Sidoharjo, Kab. Sragen, Jawa Tengah, Tenggak, Sidoharjo, Kab. Sragen, Jawa Tengah",27-09-2025,JAWA TENGAH,Wilayah II,Krisna Ilham Saputra,,"Sragen Sidoharjo Tenggak Ngagel Rt.18/06, Tenggak, Kec. Sidoharjo, Kab. Sragen, Jawa Tengah, Tenggak, Sidoharjo, Kab. Sragen, Jawa Tengah JAWA TENGAH"
SPPG Subang Cisalak Cigadog,"Kampung Kapuk Nahun Rt 01 Rw 01, Cigadog, Cisalak, Kabupaten Subang, Jawa Barat",20-09-2025,JAWA BARAT,Wilayah II,Dindin Nugraha,,"Subang Cisalak Cigadog Kampung Kapuk Nahun Rt 01 Rw 01, Cigadog, Cisalak, Kabupaten Subang, Jawa Barat JAWA BARAT"
SPPG Subang Cisalak Darmaga 2,Kampung Darmaga Rt 001 Rw 002 Desa Darmaga Kecamatan Cisalak Kabupaten Subang Jawa Barat,11-10-2025,JAWA BARAT,Wilayah II,Krisna Trisetia Anggara,,Subang Cisalak Darmaga 2 Kampung Darmaga Rt 001 Rw 002 Desa Darmaga Kecamatan Cisalak Kabupaten Subang Jawa Barat JAWA BARAT
SPPG Subang Cisalak Pakuhaji 2,"Kampung Ganghui RT 022 / RW 003, Desa Pakuhaji, Kecamatan Cisalak, Kabupaten Subang, Provinsi Jawa Barat",11-10-2025,JAWA BARAT,Wilayah II,Mareta Herliana Sari Nur Ilahi,,"Subang Cisalak Pakuhaji 2 Kampung Ganghui RT 022 / RW 003, Desa Pakuhaji, Kecamatan Cisalak, Kabupaten Subang, Provinsi Jawa Barat JAWA BARAT"
SPPG Subang Pamanukan Rancasari 2,"Dusun Sarimukti Rt 2 / Rw 1 , Kel. Rancasari, Kecamatan Pamanukan, Kabupaten Subang, Jawa Barat",13-10-2025,JAWA BARAT,Wilayah II,Bagas Anjasmara,,"Subang Pamanukan Rancasari 2 Dusun Sarimukti Rt 2 / Rw 1 , Kel. Rancasari, Kecamatan Pamanukan, Kabupaten Subang, Jawa Barat JAWA BARAT"
SPPG Sukabumi Ciambar Munjul 2,"Kampung Pasir Angin RT. 005 RW. 009, Desa Munjul, Kecamatan Ciambar, Kabupaten Sukabumi, Provinsi Jawa Barat",24-08-2025,JAWA BARAT,Wilayah II,Ghina Aidah Nabilah,,"Sukabumi Ciambar Munjul 2 Kampung Pasir Angin RT. 005 RW. 009, Desa Munjul, Kecamatan Ciambar, Kabupaten Sukabumi, Provinsi Jawa Barat JAWA BARAT"
SPPG Sukabumi Cibadak Karangtengah 2,"Perum Griya Karang Asri 1 Blok A No. 3 RT. 004 RW. 005
Desa Karangtengah
Kecamatan Cibadak
Kabupaten Sukabumi
Provinsi Jawa Barat",03-09-2025,JAWA BARAT,Wilayah II,Rhamdaniansyah,,"Sukabumi Cibadak Karangtengah 2 Perum Griya Karang Asri 1 Blok A No. 3 RT. 004 RW. 005
Desa Karangtengah
Kecamatan Cibadak
Kabupaten Sukabumi
Provinsi Jawa Barat JAWA BARAT"
SPPG Sukabumi Ciracap Purwasedar 2,"Jl. R. Natadipura Kp.Tajur Rt. 028 Rw. 006 Desa Purwasedar Kec. Ciracap Kab. Sukabumi, Purwasedar, Ciracap, Kab. Sukabumi, Jawa Barat",27-08-2025,JAWA BARAT,Wilayah II,Gilang Rama Maulana,,"Sukabumi Ciracap Purwasedar 2 Jl. R. Natadipura Kp.Tajur Rt. 028 Rw. 006 Desa Purwasedar Kec. Ciracap Kab. Sukabumi, Purwasedar, Ciracap, Kab. Sukabumi, Jawa Barat JAWA BARAT"
SPPG Sukabumi Cisaat Sukasari,Kampung Jambatan PDAM RT 033 RW 004 Desa Sukasari Kecamatan Cisaat Kabupaten Sukabumi Provinsi Jawa Barat ,18-08-2025,JAWA BARAT,Wilayah II,Anan Santika Abdul Aziz,,Sukabumi Cisaat Sukasari Kampung Jambatan PDAM RT 033 RW 004 Desa Sukasari Kecamatan Cisaat Kabupaten Sukabumi Provinsi Jawa Barat  JAWA BARAT
SPPG Sukabumi Surade Buniwangi,"`SPPG Yayasan Gunung Gede Bersahaja Kampung Sukamekar, RT 013/RW 004, Desa Buniwangi, Kecamatan Surade, Kabupaten Sukabumi, Provinsi Jawa Barat`",31-07-2025,JAWA BARAT,Wilayah II,Aldi Apriana Siswandi,,"Sukabumi Surade Buniwangi ` Yayasan Gunung Gede Bersahaja Kampung Sukamekar, RT 013/RW 004, Desa Buniwangi, Kecamatan Surade, Kabupaten Sukabumi, Provinsi Jawa Barat` JAWA BARAT"
SPPG Sukoharjo Grogol Parangjoro 2,"Kampung Jebagan Rt.002 Rw.009, Dusun Sawah, Desa Parangjoro, Kecamatan Grogol, Kabupaten Sukoharjo, Jawa Tengah 57552",03-10-2025,JAWA TENGAH,Wilayah II,Achmad Fadhli Rezqiawan,,"Sukoharjo Grogol Parangjoro 2 Kampung Jebagan Rt.002 Rw.009, Dusun Sawah, Desa Parangjoro, Kecamatan Grogol, Kabupaten Sukoharjo, Jawa Tengah 57552 JAWA TENGAH"
SPPG Sukoharjo Polokarto Pranan,"Jl Raya Pranan - Ngombakan, Dk Terpengan, RT 1. / RW 3, Ds Pranan, Kec Polokarto, Kab. Sukoharjo",04-08-2025,JAWA TENGAH,Wilayah II,BANGKIT SETIAWAN ,,"Sukoharjo Polokarto Pranan Jl Raya Pranan - Ngombakan, Dk Terpengan, RT 1. / RW 3, Ds Pranan, Kec Polokarto, Kab. Sukoharjo JAWA TENGAH"
SPPG Sumbawa Tarano Labuhan Bontong 2,"Dusun Tiu Sangat Rt/Rw 014/005, Labuhan Bontong, Tarano, Kabupaten Sumbawa, Nusa Tenggara Barat",07-09-2025,NUSA TENGGARA BARAT,Wilayah II,Aditya Pria Setyady S.H,,"Sumbawa Tarano Labuhan Bontong 2 Dusun Tiu Sangat Rt/Rw 014/005, Labuhan Bontong, Tarano, Kabupaten Sumbawa, Nusa Tenggara Barat NUSA TENGGARA BARAT"
SPPG Sumedang Pamulihan Pamulihan 2,"Dusun Cimasuk Rt/Rw:01.Rw.07, Pamulihan, Kecamatan Pamulihan, Kabupaten Sumedang, Jawa Barat ",03-10-2025,JAWA BARAT,Wilayah II,Jeni Hidayat,,"Sumedang Pamulihan Pamulihan 2 Dusun Cimasuk Rt/Rw:01.Rw.07, Pamulihan, Kecamatan Pamulihan, Kabupaten Sumedang, Jawa Barat  JAWA BARAT"
SPPG Sumedang Tanjungkerta Cipanas,Dusun Sudiplak RT 002 RW 007 Desa Cipanas Kecamatan Tanjungkerta Kabupaten Sumedang Jawa Barat,18-09-2025,JAWA BARAT,Wilayah II,Indra Septian Efendi,,Sumedang Tanjungkerta Cipanas Dusun Sudiplak RT 002 RW 007 Desa Cipanas Kecamatan Tanjungkerta Kabupaten Sumedang Jawa Barat JAWA BARAT
SPPG Sumenep Arjasa Kalinganyar,"Jl. Bujutan, Kalinganyar, Kalianyar, Kec. Arjasa, Kabupaten Sumenep, Jawa Timur ",11-10-2025,JAWA TIMUR,Wilayah II,Zakia Aprilia,,"Sumenep Arjasa Kalinganyar Jl. Bujutan, Kalinganyar, Kalianyar, Kec. Arjasa, Kabupaten Sumenep, Jawa Timur  JAWA TIMUR"
SPPG Sumenep Lenteng Ellak Daya,"Dusun Kombung Timur, Rt/Rw 011/005, Desa Ellak Daya, Kecamatan Lentang, Kabupaten Sumenep, Jawa Timur",10-10-2025,JAWA TIMUR,Wilayah II,Al - Hobu Ibnu Hubi,,"Sumenep Lenteng Ellak Daya Dusun Kombung Timur, Rt/Rw 011/005, Desa Ellak Daya, Kecamatan Lentang, Kabupaten Sumenep, Jawa Timur JAWA TIMUR"
SPPG Sumenep Pragaan Sentol Laok,"Dusun Lembanah Desa Sentol Laok Kecamatan Pragaan Kabupaten Sumenep, Sentol Laok, Pragaan, Kab. Sumenep, Jawa Timur",27-09-2025,JAWA TIMUR,Wilayah II,Ahmad Junaidi,,"Sumenep Pragaan Sentol Laok Dusun Lembanah Desa Sentol Laok Kecamatan Pragaan Kabupaten Sumenep, Sentol Laok, Pragaan, Kab. Sumenep, Jawa Timur JAWA TIMUR"
SPPG Supiori Supiori Timur Sorendidori,"Jl. Raya Sorendiweri, Kampung Sorendidori",26-08-2025,P A P U A,Wilayah III,Agustina Infaindan,,"Supiori Supiori Timur Sorendidori Jl. Raya Sorendiweri, Kampung Sorendidori P A P U A"
SPPG Takalar Mangarabombang Mangadu,Jalan poros takalar-jeneponto lingkungan Tamalate kelurahan mangadu kecamatan Mangarabombang ,25-02-2025,SULAWESI SELATAN,Wilayah III,Uslilatullatifa A.,Yayasan Cahaya Langowan Nusantara,Takalar Mangarabombang Mangadu Jalan poros takalar-jeneponto lingkungan Tamalate kelurahan mangadu kecamatan Mangarabombang  SULAWESI SELATAN
SPPG Takalar Sanrobone Paddinging,"Dusun Paddinging 2, Desa Paddinging, Kecamatan Sanrobone, Kabupaten Takalar, Provinsi Sulawesi Selatan, Paddinging, Sanrobone, Kab. Takalar, Sulawesi Selatan",28-09-2025,SULAWESI SELATAN,Wilayah III,Muh. Ridwan Rahman,,"Takalar Sanrobone Paddinging Dusun Paddinging 2, Desa Paddinging, Kecamatan Sanrobone, Kabupaten Takalar, Provinsi Sulawesi Selatan, Paddinging, Sanrobone, Kab. Takalar, Sulawesi Selatan SULAWESI SELATAN"
SPPG Tanah Datar Lima Kaum Baringin,"Jl. Moh.  Yamin, Jorong Bukik Gombak, Nagari Baringin, Kecamatan Lima Kaum, Kabupaten Tanah Datar",17-02-2025,SUMATERA BARAT,Wilayah I,Yoga Hardiana,Yayasan Cahaya Thoyibah Abadi,"Tanah Datar Lima Kaum Baringin Jl. Moh.  Yamin, Jorong Bukik Gombak, Nagari Baringin, Kecamatan Lima Kaum, Kabupaten Tanah Datar SUMATERA BARAT"
SPPG Tanah Datar Lintau Buo Utara Lubuak Jantan,"jorong kota No.120, Nagari Tapi Selo, Kecamatan Lintau Buo Utara, Kabupaten Tanah Datar,&amp;amp;nbsp;Sumatera&amp;amp;nbsp;Barat",19-08-2025,SUMATERA BARAT,Wilayah I,An Unggul Satria,,"Tanah Datar Lintau Buo Utara Lubuak Jantan jorong kota No.120, Nagari Tapi Selo, Kecamatan Lintau Buo Utara, Kabupaten Tanah Datar,&amp;amp;nbsp;Sumatera&amp;amp;nbsp;Barat SUMATERA BARAT"
SPPG Tanah Datar Sungayang Minang Kabau,"Jorong Minang Jaya, Nagari Minangkabau, Kecamatan Sungayang, Kabupaten Tanah Datar, Provinsi Sumatra Barat",27-08-2025,SUMATERA BARAT,Wilayah I,Aulia Rizki Ananda,,"Tanah Datar Sungayang Minang Kabau Jorong Minang Jaya, Nagari Minangkabau, Kecamatan Sungayang, Kabupaten Tanah Datar, Provinsi Sumatra Barat SUMATERA BARAT"
SPPG Tanggamus Semaka Tugu Papak,"Jalan Taman Nasional Bukit Barisan Selatan, Pekon Tugu Papak, Kecamatan Semaka, Kabupaten Tanggamus, Provinsi Lampung",11-08-2025,LAMPUNG,Wilayah I,Nur Dewi Rachmawati,,"Tanggamus Semaka Tugu Papak Jalan Taman Nasional Bukit Barisan Selatan, Pekon Tugu Papak, Kecamatan Semaka, Kabupaten Tanggamus, Provinsi Lampung LAMPUNG"
SPPG Tanggamus Sumberejo Argomulyo,"Jl. Raya Pasar Sumberejo, Desa. Argomulyo, Rt.002/001 Kecamatan. Suberejo, Kab. Tanggamus Lampung",27-09-2025,LAMPUNG,Wilayah I,Wanda Silvia Afriza,,"Tanggamus Sumberejo Argomulyo Jl. Raya Pasar Sumberejo, Desa. Argomulyo, Rt.002/001 Kecamatan. Suberejo, Kab. Tanggamus Lampung LAMPUNG"
SPPG Tanggamus Talang Padang Talang Sepuh,"Jl. Raya Talang Sepuh, Dusun Sidodadi Pekon Talang Sepuh  Kec. Talang Padang, Kabupaten Tanggamus, Lampung",08-09-2025,LAMPUNG,Wilayah I,Amirul Rama Sanjaya,,"Tanggamus Talang Padang Talang Sepuh Jl. Raya Talang Sepuh, Dusun Sidodadi Pekon Talang Sepuh  Kec. Talang Padang, Kabupaten Tanggamus, Lampung LAMPUNG"
SPPG Tanggamus Ulu Belu Ulu Semong,"Jl. Raya Ulu Semong / Jl. Lintas Suwoh Desa. Ulu Semong, Rt.001 Rw.001, Dusun Semong Induk Kec. Ulu Belu, Kab. Tanggamus Lampung",30-09-2025,LAMPUNG,Wilayah I,Suhendra,,"Tanggamus Ulu Belu Ulu Semong Jl. Raya Ulu Semong / Jl. Lintas Suwoh Desa. Ulu Semong, Rt.001 Rw.001, Dusun Semong Induk Kec. Ulu Belu, Kab. Tanggamus Lampung LAMPUNG"
SPPG Tapin Lokpaikat Binderang,"Pondok Indah Permata Dewi Blok F No. 007 RT. 005 RW. 003 Desa Binderang, Kec. Lokpaikat, Kab. Tapin Kalimantan Selatan",18-08-2025,KALIMANTAN SELATAN,Wilayah III,Dimas Prayogi,,"Tapin Lokpaikat Binderang Pondok Indah Permata Dewi Blok F No. 007 RT. 005 RW. 003 Desa Binderang, Kec. Lokpaikat, Kab. Tapin Kalimantan Selatan KALIMANTAN SELATAN"
SPPG Tasikmalaya Pagerageung Puteran,"Dusun Puteran Kaler Rt 004 Rw 002 Desa Puteran Kecamatan Pagerageung Kabupaten Tasikmalaya Provinsi Jawa Barat Kode Pos 46158, Puteran, Pagerageung, Kab. Tasikmalaya, Jawa Barat",25-08-2025,JAWA BARAT,Wilayah II,Denthanika Shena Bagia,,"Tasikmalaya Pagerageung Puteran Dusun Puteran Kaler Rt 004 Rw 002 Desa Puteran Kecamatan Pagerageung Kabupaten Tasikmalaya Provinsi Jawa Barat Kode Pos 46158, Puteran, Pagerageung, Kab. Tasikmalaya, Jawa Barat JAWA BARAT"
SPPG Tegal Lebaksiu Lebaksiu Lor,"Jl. Kesuben, Wakutumpul, Lebaksiu Lor, Kec. Lebaksiu, Kabupaten Tegal, Jawa Tengah, Lebaksiu Lor, Lebaksiu, Kab. Tegal, Jawa Tengah",10-09-2025,JAWA TENGAH,Wilayah II,Zihni Hashfi Razaq,,"Tegal Lebaksiu Lebaksiu Lor Jl. Kesuben, Wakutumpul, Lebaksiu Lor, Kec. Lebaksiu, Kabupaten Tegal, Jawa Tengah, Lebaksiu Lor, Lebaksiu, Kab. Tegal, Jawa Tengah JAWA TENGAH"
SPPG Teluk Wondama Wasior Iriati,"Jalan Poros Wasior-Iriati, Iriati, Distrik Wasior, Kabupaten Teluk Wondama",11-08-2025,PAPUA BARAT,Wilayah III,Pricilia Felmince Mita Trisanta Borlak,,"Teluk Wondama Wasior Iriati Jalan Poros Wasior-Iriati, Iriati, Distrik Wasior, Kabupaten Teluk Wondama PAPUA BARAT"
SPPG Temanggung Bejen Jlegong,"Dusun Putat Rt 004 Rw 003 Desa Jlegong Kec. Bejen Kab. Temanggung, Jlegong, Bejen, Kab. Temanggung, Jawa Tengah",27-08-2025,JAWA TENGAH,Wilayah II,Muhammad Rafi Hidayatullah,,"Temanggung Bejen Jlegong Dusun Putat Rt 004 Rw 003 Desa Jlegong Kec. Bejen Kab. Temanggung, Jlegong, Bejen, Kab. Temanggung, Jawa Tengah JAWA TENGAH"
SPPG Temanggung Bulu Danupayan,"Jl. Bulu&amp;amp;amp;amp;amp;amp;amp;amp;ndash;Parakan Km 05, Sawah, Dusun Danupayan, Kecamatan Bulu, Kabupaten Temanggung, Provinsi Jawa Tengah",30-08-2025,JAWA TENGAH,Wilayah II,Wisnu Aji Pangestu,,"Temanggung Bulu Danupayan Jl. Bulu&amp;amp;amp;amp;amp;amp;amp;amp;ndash;Parakan Km 05, Sawah, Dusun Danupayan, Kecamatan Bulu, Kabupaten Temanggung, Provinsi Jawa Tengah JAWA TENGAH"
SPPG Temanggung Bulu Tegalurung 1,"Jl. Tegalurung - Gondosuli, TEGALURUNG, BULU, KAB. TEMANGGUNG, JAWA TENGAH",23-06-2025,JAWA TENGAH,Wilayah II,Sigit Budi Prasetyo,Yayasan Pendidikan Nasional Laa Roiba,"Temanggung Bulu Tegalurung 1 Jl. Tegalurung - Gondosuli, TEGALURUNG, BULU, KAB. TEMANGGUNG, JAWA TENGAH JAWA TENGAH"
SPPG Temanggung Jumo Kertosari,"Desa Kertosari, Desa Jurang, RT 004 / RW 005, Kecamatan Jumo, Kabupaten Temanggung, Provinsi Jawa Tengah ",23-08-2025,JAWA TENGAH,Wilayah II,Muhammad Romi Dian Sukma,,"Temanggung Jumo Kertosari Desa Kertosari, Desa Jurang, RT 004 / RW 005, Kecamatan Jumo, Kabupaten Temanggung, Provinsi Jawa Tengah  JAWA TENGAH"
SPPG Temanggung Kandangan Malebo,"Ketuwon Wetan, RT 002 RW 002, Desa Malebo, Kecamatan Kandangan, Kabupaten Temanggung, Jawa Tengah",21-08-2025,JAWA TENGAH,Wilayah II,Dian Wijayanti Solechah,,"Temanggung Kandangan Malebo Ketuwon Wetan, RT 002 RW 002, Desa Malebo, Kecamatan Kandangan, Kabupaten Temanggung, Jawa Tengah JAWA TENGAH"
SPPG Temanggung Kedu Ngadimulyo,"Dusun Setrobayan RT 01 RW 02, Desa Ngadimulyo, Kecamatan Kedu, Kabupaten Temanggung,&amp;amp;amp;amp;amp;amp;nbsp;Jawa&amp;amp;amp;amp;amp;amp;nbsp;Tengah",28-07-2025,JAWA TENGAH,Wilayah II,Tri Adhi Prakoso,Yayasan Mitra Wahid,"Temanggung Kedu Ngadimulyo Dusun Setrobayan RT 01 RW 02, Desa Ngadimulyo, Kecamatan Kedu, Kabupaten Temanggung,&amp;amp;amp;amp;amp;amp;nbsp;Jawa&amp;amp;amp;amp;amp;amp;nbsp;Tengah JAWA TENGAH"
SPPG Temanggung Kledung Kalirejo,"Tanduran, Caturanom, Kec. Kledung, Kabupaten Temanggung, Jawa Tengah, KALIREJO, KLEDUNG, KAB. TEMANGGUNG, JAWA TENGAH",04-08-2025,JAWA TENGAH,Wilayah II,Sigit Prayogi Pitulung,,"Temanggung Kledung Kalirejo Tanduran, Caturanom, Kec. Kledung, Kabupaten Temanggung, Jawa Tengah, KALIREJO, KLEDUNG, KAB. TEMANGGUNG, JAWA TENGAH JAWA TENGAH"
SPPG Toba Balige Lumban Pea,"Jalan Pasar Melintang, Desa Lumban Pea Timur, Kecamatan Balige, Kabupaten Toba, Sumatera Utara",11-08-2025,SUMATERA UTARA,Wilayah I,Daniel Sianipar,,"Toba Balige Lumban Pea Jalan Pasar Melintang, Desa Lumban Pea Timur, Kecamatan Balige, Kabupaten Toba, Sumatera Utara SUMATERA UTARA"
SPPG Toba Bonatua Lunasi Sinar Sabungan,"Jl. Lintas Sumatera, Lumban Lobu, Kec. Bonatua Lunasi, Kab. Toba, Sumatera Utara",10-10-2025,SUMATERA UTARA,Wilayah I,Hanif Ray Sirait,,"Toba Bonatua Lunasi Sinar Sabungan Jl. Lintas Sumatera, Lumban Lobu, Kec. Bonatua Lunasi, Kab. Toba, Sumatera Utara SUMATERA UTARA"
SPPG Toba Lumban Julu Aek Natolu Jaya,"Jl. Lintas Sumatera, Desa Aek Natolu Jaya, Kecamatan Lumban Julu, Kabupaten Tapanuli Utara, Sumatera Utara",09-10-2025,SUMATERA UTARA,Wilayah I,Muhammad Zulkifli Butarbutar,,"Toba Lumban Julu Aek Natolu Jaya Jl. Lintas Sumatera, Desa Aek Natolu Jaya, Kecamatan Lumban Julu, Kabupaten Tapanuli Utara, Sumatera Utara SUMATERA UTARA"
SPPG Toba Porsea Parparean IV,"Gang Madrasah, Huta Dolok, Desa Parparean IV, Kecamatan Porsea, Kabupaten Toba, Provinsi Sumatera Utara",05-09-2025,SUMATERA UTARA,Wilayah I,Farhan Ridwan Rajagukguk S.Kom.,,"Toba Porsea Parparean IV Gang Madrasah, Huta Dolok, Desa Parparean IV, Kecamatan Porsea, Kabupaten Toba, Provinsi Sumatera Utara SUMATERA UTARA"
SPPG Toba Sigumpar Situa-tua,"Jl. Lintas Sumatera No.17 Kelurahan Situa Tua Kecamatan Sigumpar, Kabupaten Toba, Sumatera Utara",30-09-2025,SUMATERA UTARA,Wilayah I,Josua Jonathan Siahaan,,"Toba Sigumpar Situa-tua Jl. Lintas Sumatera No.17 Kelurahan Situa Tua Kecamatan Sigumpar, Kabupaten Toba, Sumatera Utara SUMATERA UTARA"
SPPG Toba Uluan Lumban Holbung,"Jl. Lutere Dusun II, Desa Lumban Holbung, Kecamatan Uluan, Kabupaten Toba, Sumatera Utara",10-10-2025,SUMATERA UTARA,Wilayah I,Joshua Koko Sarasi Manurung,,"Toba Uluan Lumban Holbung Jl. Lutere Dusun II, Desa Lumban Holbung, Kecamatan Uluan, Kabupaten Toba, Sumatera Utara SUMATERA UTARA"
SPPG Trenggalek Bendungan Srabah,"Jl. Trenggalek Bendungan, Rt.03/Rw.01, Suren, Srabah, Kec. Bendungan, Kab. Trenggalek, Jawa Timur",10-10-2025,JAWA TIMUR,Wilayah II,David Fernando,,"Trenggalek Bendungan Srabah Jl. Trenggalek Bendungan, Rt.03/Rw.01, Suren, Srabah, Kec. Bendungan, Kab. Trenggalek, Jawa Timur JAWA TIMUR"
SPPG Trenggalek Gandusari Karanganyar,"Dusun Jedung, Rt 06 Rw 02 Desa Karanganyar , Kecamatan Gandusari Kabupaten Trenggalek ,",28-08-2025,JAWA TIMUR,Wilayah II,Fihdha Nurul Azizah,,"Trenggalek Gandusari Karanganyar Dusun Jedung, Rt 06 Rw 02 Desa Karanganyar , Kecamatan Gandusari Kabupaten Trenggalek , JAWA TIMUR"
SPPG Trenggalek Karangan Karangan,"Rt.020/Rw.005, Dusun Cetok, Desa Karangan, Kecamatan Karangan, Kabupaten Trenggalek, Provinsi Jawa Timur",20-09-2025,JAWA TIMUR,Wilayah II,Farhan Akmal Fauzi,,"Trenggalek Karangan Karangan Rt.020/Rw.005, Dusun Cetok, Desa Karangan, Kecamatan Karangan, Kabupaten Trenggalek, Provinsi Jawa Timur JAWA TIMUR"
SPPG Trenggalek Munjungan Masaran,"RT 1O RW 02 Dusun Nayu, Desa Karangturi, Kecamatan Munjungan, Kabupaten Trenggalek Provinsi Jawa Timur",06-09-2025,JAWA TIMUR,Wilayah II,Yunis Purwanti,,"Trenggalek Munjungan Masaran RT 1O RW 02 Dusun Nayu, Desa Karangturi, Kecamatan Munjungan, Kabupaten Trenggalek Provinsi Jawa Timur JAWA TIMUR"
SPPG Trenggalek Trenggalek Karangsoko 2,"Rt 9 Rw 2 Dusun Karanggayam Desa Karangsuko Kec. Trenggalek, Kab. Trenggalek, Jawa Timur",01-09-2025,JAWA TIMUR,Wilayah II,Hafidh Yanuar Pangestu,,"Trenggalek Trenggalek Karangsoko 2 Rt 9 Rw 2 Dusun Karanggayam Desa Karangsuko Kec. Trenggalek, Kab. Trenggalek, Jawa Timur JAWA TIMUR"
SPPG Trenggalek Tugu Tumpuk,"Jalan Tumpuk-Pule RT 011
RW 004, Desa Tumpuk,
Kecamatan Tugu,
Kabupaten Trenggalek,
Provinsi Jawa Timur",31-07-2025,JAWA TIMUR,Wilayah II,Muhammad Surya Adam,,"Trenggalek Tugu Tumpuk Jalan Tumpuk-Pule RT 011
RW 004, Desa Tumpuk,
Kecamatan Tugu,
Kabupaten Trenggalek,
Provinsi Jawa Timur JAWA TIMUR"
SPPG Tuban Rengel Rengel,"Jl. Raya Rengel No 271 Dusun Purboyo Mayang Sekar Desa Rengel, Rengel, Kabupaten Tuban, Jawa Timur",20-09-2025,JAWA TIMUR,Wilayah II,Cinta Damayanti,,"Tuban Rengel Rengel Jl. Raya Rengel No 271 Dusun Purboyo Mayang Sekar Desa Rengel, Rengel, Kabupaten Tuban, Jawa Timur JAWA TIMUR"
SPPG Tuban Singgahan Lajo Kidul 2,"Jalan. Kyai Haji. Ageng Sholeh, Krajan, Lajo Kidul, Singgahan, Kabupaten. Tuban, Jawa Timur",27-08-2025,JAWA TIMUR,Wilayah II,Achmad Iqbal Afizal,,"Tuban Singgahan Lajo Kidul 2 Jalan. Kyai Haji. Ageng Sholeh, Krajan, Lajo Kidul, Singgahan, Kabupaten. Tuban, Jawa Timur JAWA TIMUR"
SPPG Tulang Bawang Banjar Margo Agung Dalam 2,"Kampung Agung Dalem RT 002/RW 005 Nomor 105,  Kelurahan Agung Dalem,  Kecamatan Banjar Margo,  Kabupaten Tulang Bawang,  Provinsi Lampung",18-08-2025,LAMPUNG,Wilayah I,Willy Maulana ,,"Tulang Bawang Banjar Margo Agung Dalam 2 Kampung Agung Dalem RT 002/RW 005 Nomor 105,  Kelurahan Agung Dalem,  Kecamatan Banjar Margo,  Kabupaten Tulang Bawang,  Provinsi Lampung LAMPUNG"
SPPG Tulang Bawang Banjar Margo Purwa Jaya,"Desa Purwajaya Jln, Soekarno Hatta Rt/Rw 003/003 Kec. Banjar Margo, Kab. Tulang Bawang, Lampung.",18-08-2025,LAMPUNG,Wilayah I,Sukma Setiawan ,,"Tulang Bawang Banjar Margo Purwa Jaya Desa Purwajaya Jln, Soekarno Hatta Rt/Rw 003/003 Kec. Banjar Margo, Kab. Tulang Bawang, Lampung. LAMPUNG"
SPPG Tulang Bawang Barat Gunung Agung Suka Jaya,"Jl. Seno, Suka Jaya, Gunung Agung, West Tulang Bawang Regency, Lampung 34684, Suka Jaya, Gunung Agung, Kab. Tulang Bawang Barat, Lampung",27-08-2025,LAMPUNG,Wilayah I,Izzudin Azis Husein,,"Tulang Bawang Barat Gunung Agung Suka Jaya Jl. Seno, Suka Jaya, Gunung Agung, West Tulang Bawang Regency, Lampung 34684, Suka Jaya, Gunung Agung, Kab. Tulang Bawang Barat, Lampung LAMPUNG"
SPPG Tulang Bawang Barat Tulang Bawang Tengah Panaragan Jaya,"Jl. Raya Panaragan Jaya - Pulung Kencana, Panaragan Jaya, Kec. Tulang Bawang Tengah, Kab. Tulang Bawang Barat, Lampung 34693, PANARAGAN JAYA , TULANG BAWANG TENGAH, KAB. TULANG BAWANG BARAT, LAMPUNG",19-08-2025,LAMPUNG,Wilayah I,Azis Aji Pangestu,,"Tulang Bawang Barat Tulang Bawang Tengah Panaragan Jaya Jl. Raya Panaragan Jaya - Pulung Kencana, Panaragan Jaya, Kec. Tulang Bawang Tengah, Kab. Tulang Bawang Barat, Lampung 34693, PANARAGAN JAYA , TULANG BAWANG TENGAH, KAB. TULANG BAWANG BARAT, LAMPUNG LAMPUNG"
SPPG Tulang Bawang Barat Tumijajar Daya Asri 2,Jl. Raya Tirta Makmur Desa Daya Asri Kecamatan Tumijajar Kabupaten Tubaba,08-09-2025,LAMPUNG,Wilayah I,AAN SUTRISNO,,Tulang Bawang Barat Tumijajar Daya Asri 2 Jl. Raya Tirta Makmur Desa Daya Asri Kecamatan Tumijajar Kabupaten Tubaba LAMPUNG
SPPG Tulang Bawang Penawar Tama Tri Rejo Mulyo,"Desa Tri Rejo Mulyo Kecamatan Penawar Tama Kabupaten Tulang Bawang Provinsi Lampung, TRI REJO MULYO, PENAWAR TAMA, KAB. TULANG BAWANG, LAMPUNG",21-07-2025,LAMPUNG,Wilayah I,Rosintha,Yayasan Siger Anugerah Nusantara Abadi,"Tulang Bawang Penawar Tama Tri Rejo Mulyo Desa Tri Rejo Mulyo Kecamatan Penawar Tama Kabupaten Tulang Bawang Provinsi Lampung, TRI REJO MULYO, PENAWAR TAMA, KAB. TULANG BAWANG, LAMPUNG LAMPUNG"
SPPG Tulungagung Campurdarat Pojok,"RT/RW 02/03, Dusun Gedangsewu, Desa Pojok, Kecamatan Campurdarat, Kabupaten Tulungagung",05-05-2025,JAWA TIMUR,Wilayah II,Mohamad Fajar Syahroni,Yayasan Sakinatul Ummat,"Tulungagung Campurdarat Pojok RT/RW 02/03, Dusun Gedangsewu, Desa Pojok, Kecamatan Campurdarat, Kabupaten Tulungagung JAWA TIMUR"
SPPG Tulungagung Kauman Jatimulyo,"Jl. Raya Jatimulyo Desa Jatimulyo Kauman, Jatimulyo, Kauman, Kabupaten Tulungagung, Jawa Timur",15-09-2025,JAWA TIMUR,Wilayah II,Pandu Septiyan Tutuko,,"Tulungagung Kauman Jatimulyo Jl. Raya Jatimulyo Desa Jatimulyo Kauman, Jatimulyo, Kauman, Kabupaten Tulungagung, Jawa Timur JAWA TIMUR"
SPPG Tulungagung Ngantru Pucung Lor,"Dusun Kali Pakis Rt 02 Rw 03, Pucung Lor, Kecamatan Ngantru, Kabupaten Tulungagung, Jawa Timur",27-09-2025,JAWA TIMUR,Wilayah II,Ahmad Ridzwan Ali,,"Tulungagung Ngantru Pucung Lor Dusun Kali Pakis Rt 02 Rw 03, Pucung Lor, Kecamatan Ngantru, Kabupaten Tulungagung, Jawa Timur JAWA TIMUR"
SPPG Tulungagung Rejotangan Ariyojeding,"Jalan Aryojeding, Dusun Gluduk, Desa Aryojeding RT 003/RW 007, Kecamatan Rejotangan, Kabupaten Tulungagung, Provinsi Jawa Timur",27-08-2025,JAWA TIMUR,Wilayah II,Salma Auliya Fadilla Aimi,,"Tulungagung Rejotangan Ariyojeding Jalan Aryojeding, Dusun Gluduk, Desa Aryojeding RT 003/RW 007, Kecamatan Rejotangan, Kabupaten Tulungagung, Provinsi Jawa Timur JAWA TIMUR"
SPPG Tulungagung Rejotangan Sumberagung,"Dusun Sumberagung Rt. 03 Rw 10, Desa Sumberagung, Kec. Rejotangan, Kab. Tulungagung, Jawa Timur",08-10-2025,JAWA TIMUR,Wilayah II,Ahmad Faqih Hidayatulloh,,"Tulungagung Rejotangan Sumberagung Dusun Sumberagung Rt. 03 Rw 10, Desa Sumberagung, Kec. Rejotangan, Kab. Tulungagung, Jawa Timur JAWA TIMUR"
SPPG Wajo Sabangparu Sompe,"Jl. Poros Sengkang Soppeng RT 001/RW 001, Desa Sompe, Kec. Sabangparu, Kab. Wajo, Provinsi Sulawesi Selatan",11-09-2025,SULAWESI SELATAN,Wilayah III,Agusran Jaya,,"Wajo Sabangparu Sompe Jl. Poros Sengkang Soppeng RT 001/RW 001, Desa Sompe, Kec. Sabangparu, Kab. Wajo, Provinsi Sulawesi Selatan SULAWESI SELATAN"
SPPG Way Kanan Negara Batin Gisting Jaya 2,"RT 005 RW 002 KAMPUNG GISTING JAYA KECAMATAN NEGARA BATIN KABUPATEN WAY KANAN, GISTING JAYA, NEGARA BATIN, KAB. WAY KANAN, LAMPUNG",19-08-2025,LAMPUNG,Wilayah I,Rizki Pratama Putra,,"Way Kanan Negara Batin Gisting Jaya 2 RT 005 RW 002 KAMPUNG GISTING JAYA KECAMATAN NEGARA BATIN KABUPATEN WAY KANAN, GISTING JAYA, NEGARA BATIN, KAB. WAY KANAN, LAMPUNG LAMPUNG"
SPPG Way Kanan Negara Batin Negara Batin,"RT 008 RW  004 KAMPUNG NEGARA BATIN KECAMATAN NEGARA BATIN KABUPATEN WAY KANAN, NEGARA BATIN, NEGARA BATIN, KAB. WAY KANAN, LAMPUNG",19-08-2025,LAMPUNG,Wilayah I,Almuhyi Sidiq,,"Way Kanan Negara Batin Negara Batin RT 008 RW  004 KAMPUNG NEGARA BATIN KECAMATAN NEGARA BATIN KABUPATEN WAY KANAN, NEGARA BATIN, NEGARA BATIN, KAB. WAY KANAN, LAMPUNG LAMPUNG"
SPPG Way Kanan Negeri Besar Kiling-kiling,"Jl. Haji Abdul Manan RT 005 RW 005, Kampung Kiling-Kiling, Kecamatan Negeri Besar, Kabupaten Way Kanan, Provinsi Lampung",11-08-2025,LAMPUNG,Wilayah I,M. Irham Utama,,"Way Kanan Negeri Besar Kiling-kiling Jl. Haji Abdul Manan RT 005 RW 005, Kampung Kiling-Kiling, Kecamatan Negeri Besar, Kabupaten Way Kanan, Provinsi Lampung LAMPUNG"
SPPG Way Kanan Pakuan Ratu Way Tawar,"Jalan Lintas Provinsi Way Tawar No.00 RT.002/RW.002, Kampung Way Tawar, Kecamatan Pakuan Ratu, Kabupaten Way Kanan, Provinsi Lampung",23-06-2025,LAMPUNG,Wilayah I,Setiawan,,"Way Kanan Pakuan Ratu Way Tawar Jalan Lintas Provinsi Way Tawar No.00 RT.002/RW.002, Kampung Way Tawar, Kecamatan Pakuan Ratu, Kabupaten Way Kanan, Provinsi Lampung LAMPUNG"
SPPG Way Kanan Way Tuba Bandar Sari,Jl. Bukit Gemuruh Kampung Bandar sari RT/RW 002/001 Kecamatan Way Tuba Kabupaten Way Kanan kode pos 34767,19-03-2025,LAMPUNG,Wilayah I,Maharatu Apriska ,,Way Kanan Way Tuba Bandar Sari Jl. Bukit Gemuruh Kampung Bandar sari RT/RW 002/001 Kecamatan Way Tuba Kabupaten Way Kanan kode pos 34767 LAMPUNG
SPPG Wonogiri Baturetno Glesungrejo,"Dusun Patuk Lor, RT 01 RW 02, Desa  Baturetno",17-02-2025,JAWA TENGAH,Wilayah II,Rian Patmala,Yayasan Merah Putih Putra Nusantara,"Wonogiri Baturetno Glesungrejo Dusun Patuk Lor, RT 01 RW 02, Desa  Baturetno JAWA TENGAH"
SPPG Wonogiri Baturetno Saradan,"Dusun Gedawung Rt.004 Rw.009 Desa Saradan Kecamatan Baturetno Kabupaten Wonogiri, Jawa Tengah",15-10-2025,JAWA TENGAH,Wilayah II,Rizqi Adhi Pertiwi,,"Wonogiri Baturetno Saradan Dusun Gedawung Rt.004 Rw.009 Desa Saradan Kecamatan Baturetno Kabupaten Wonogiri, Jawa Tengah JAWA TENGAH"
SPPG Wonogiri Tirtomoyo Banyakprodo,"Dusun Mujing, RT 003 RW 003 Desa Banyakprodo, Kecamatan Tirtomoyo, Kabupaten Wonogiri, Provinsi Jawa Tengah, Kode Pos 57672",19-05-2025,JAWA TENGAH,Wilayah II,Bagas Pramudya,Yayasan Mitra Mahmudi Berkah,"Wonogiri Tirtomoyo Banyakprodo Dusun Mujing, RT 003 RW 003 Desa Banyakprodo, Kecamatan Tirtomoyo, Kabupaten Wonogiri, Provinsi Jawa Tengah, Kode Pos 57672 JAWA TENGAH"
SPPG Wonosobo Sapuran Sedayu,Dusun Karanganyar Rt 05 Rw 03 Desa Sedayu Kecematan Sapuran Kabupaten Wonosobo Provinsi Jawa Tengah,23-06-2025,JAWA TENGAH,Wilayah II,Setiyadi Prasetyo,,Wonosobo Sapuran Sedayu Dusun Karanganyar Rt 05 Rw 03 Desa Sedayu Kecematan Sapuran Kabupaten Wonosobo Provinsi Jawa Tengah JAWA TENGAH
SPPG Wonosobo Selomerto Wulungsari,RT 6 RW 1 Dusun Kacepit Desa Wulungsari Kecamatan Selomerto Kabupaten Wonosobo Propinsi Jawa Tengah,11-08-2025,JAWA TENGAH,Wilayah II,Afan Julianto,,Wonosobo Selomerto Wulungsari RT 6 RW 1 Dusun Kacepit Desa Wulungsari Kecamatan Selomerto Kabupaten Wonosobo Propinsi Jawa Tengah JAWA TENGAH
SPPG Sleman Mlati Tirtoadi,"7855+R75, Jembangan, Tirtoadi, Kec. Mlati, Kabupaten Sleman, Daerah Istimewa Yogyakarta",21-07-2025,DAERAH ISTIMEWA YOGYAKARTA,Wilayah II,Faris Duwi Parwanto ,Yayasan Ma`had Sunan Kalijaga,"Sleman Mlati Tirtoadi 7855+R75, Jembangan, Tirtoadi, Kec. Mlati, Kabupaten Sleman, Daerah Istimewa Yogyakarta DAERAH ISTIMEWA YOGYAKARTA"
SPPG Kota Yogyakarta Kotagede Purbayan 1,Jl. Purbayan Kg2/1272 RT 057 RW 014 Purbayan Kotagede,21-07-2025,DAERAH ISTIMEWA YOGYAKARTA,Wilayah II,Rizki Rafiad Darodjati,Yayasan Amanah Berkah Lumintu,Kota Yogyakarta Kotagede Purbayan 1 Jl. Purbayan Kg2/1272 RT 057 RW 014 Purbayan Kotagede DAERAH ISTIMEWA YOGYAKARTA
SPPG Jaktim Cakung Pulo Gebang 2,Pulo Gebang Indah Blok J11 no. 1,04-08-2025,DKI JAKARTA,Wilayah II,Malinda Destri Yanti Suhartono ,,Jaktim Cakung Pulo Gebang 2 Pulo Gebang Indah Blok J11 no. 1 DKI JAKARTA
SPPG Gorontalo Tibawa Balahu,Jl. Abdul Azis Umar,05-08-2025,GORONTALO,Wilayah III,Satrio Eksan,,Gorontalo Tibawa Balahu Jl. Abdul Azis Umar GORONTALO
SPPG Gorontalo Telaga Biru Tuladenggi,Jl. Abdul Gandi Pajuhi,18-08-2025,GORONTALO,Wilayah III,Andi Azrial Oppier Lessy,,Gorontalo Telaga Biru Tuladenggi Jl. Abdul Gandi Pajuhi GORONTALO
SPPG Tasikmalaya Salopa Mandalahayu,Dusun Cilegi Rt 02 Rw 01,08-09-2025,JAWA BARAT,Wilayah II,Erli Dwi Rizki,,Tasikmalaya Salopa Mandalahayu Dusun Cilegi Rt 02 Rw 01 JAWA BARAT
SPPG Bandung Barat Cikalongwetan Mandalamukti,Kp. Rajamandala RT.02/RW.12,18-08-2025,JAWA BARAT,Wilayah II,Hafidz Muhamad Ramdhan,,Bandung Barat Cikalongwetan Mandalamukti Kp. Rajamandala RT.02/RW.12 JAWA BARAT
SPPG Purwakarta Cibatu Cirangkong,"Cirangkong, Kec. Cibatu, Kabupaten Purwakarta, Jawa Barat 41181",25-09-2025,JAWA BARAT,Wilayah II,Hanip Setiawan Hidayatuloh,,"Purwakarta Cibatu Cirangkong Cirangkong, Kec. Cibatu, Kabupaten Purwakarta, Jawa Barat 41181 JAWA BARAT"
SPPG Kubu Raya Sungai Ambawang Sungai Ambawang Kuala 2,Gang H. Galuh Rahmah ,15-08-2025,KALIMANTAN BARAT,Wilayah III,Novelianus Yogie,,Kubu Raya Sungai Ambawang Sungai Ambawang Kuala 2 Gang H. Galuh Rahmah  KALIMANTAN BARAT
SPPG Landak Mandor Mandor 2,Jalan Raya Mandor,30-07-2025,KALIMANTAN BARAT,Wilayah III,Alzabit Haris Fadhilah,Yayasan Darul Qur`an Wadda`wah Al-Mas`udiyah,Landak Mandor Mandor 2 Jalan Raya Mandor KALIMANTAN BARAT
SPPG Hulu Sungai Tengah Barabai Bukat,Jl. Cahaya Al Mashum,01-09-2025,KALIMANTAN SELATAN,Wilayah III,Muhammad Racha Taruna,,Hulu Sungai Tengah Barabai Bukat Jl. Cahaya Al Mashum KALIMANTAN SELATAN
SPPG Kota Palangka Raya Jekan Raya Bukit Tunggal 3,Jl. Rajawali VII Gg Jenaka No. 88,11-08-2025,KALIMANTAN TENGAH,Wilayah III,Lia Rati ,,Kota Palangka Raya Jekan Raya Bukit Tunggal 3 Jl. Rajawali VII Gg Jenaka No. 88 KALIMANTAN TENGAH
SPPG Bangka Barat Kelapa Kelapa,Jl. Binaria RT. 015 RW. 005 ,17-03-2025,KEPULAUAN BANGKA BELITUNG,Wilayah I,"Danu Aprilianto, S.Tr.Kes., M.K.M",Yayasan Prabu Center Kosong Delapan,Bangka Barat Kelapa Kelapa Jl. Binaria RT. 015 RW. 005  KEPULAUAN BANGKA BELITUNG
SPPG Karimun Kundur Tanjungbatu Kota,Jl. Parit baru RT. 005 RW. 001 ,05-05-2025,KEPULAUAN RIAU,Wilayah I,Muhammad Zulkarnain,Yayasan Darush Sholihin Batam,Karimun Kundur Tanjungbatu Kota Jl. Parit baru RT. 005 RW. 001  KEPULAUAN RIAU
SPPG Kota Batam Batu Ampar Sungai Jodoh,Batam Plaza Blok E No. 7-11,19-05-2025,KEPULAUAN RIAU,Wilayah I,Adjeng dyah mutia qodrosoh,,Kota Batam Batu Ampar Sungai Jodoh Batam Plaza Blok E No. 7-11 KEPULAUAN RIAU
SPPG Pringsewu Pringsewu Pringsewu Barat, Jl. Satria No 531 ,26-05-2025,LAMPUNG,Wilayah I,MAULIDZA DIANA ZULFA,Yayasan Prabu Center Kosong Delapan,Pringsewu Pringsewu Pringsewu Barat  Jl. Satria No 531  LAMPUNG
SPPG Kota Tual Pulau Dullah Selatan Ketsoblak,"jl, Baldu Wahadat, Mangon",23-08-2025,MALUKU,Wilayah III,Raisha Ady Mahaputra,,"Kota Tual Pulau Dullah Selatan Ketsoblak jl, Baldu Wahadat, Mangon MALUKU"
SPPG Bima Woha Kalampa,Jl. Lintas Risa Kalampa,05-05-2025,NUSA TENGGARA BARAT,Wilayah II,Ikhdar,Yayasan Mitra Lintas Sejahtera,Bima Woha Kalampa Jl. Lintas Risa Kalampa NUSA TENGGARA BARAT
SPPG Lombok Barat Gerung Dasan Tapen,Dusun Dasan Tapen Induk,28-09-2025,NUSA TENGGARA BARAT,Wilayah II,Muhamat Imam Romail,,Lombok Barat Gerung Dasan Tapen Dusun Dasan Tapen Induk NUSA TENGGARA BARAT
SPPG Fak Fak Pariwari Tanama,"Tanama, Pariwari",18-08-2025,PAPUA BARAT,Wilayah III,Nurlela Mekar Sari,,"Fak Fak Pariwari Tanama Tanama, Pariwari PAPUA BARAT"
SPPG Mimika Mimika Baru Kwamki,Jl. WR Supratman Petrosea,21-07-2025,PAPUA TENGAH,Wilayah III,Pemison Enumbi,Yayasan Mitra Lintas Sejahtera,Mimika Mimika Baru Kwamki Jl. WR Supratman Petrosea PAPUA TENGAH
SPPG Kota Pekanbaru Sukajadi Pulau Karomah,Jl. Teratai No. 3  ,05-05-2025,RIAU,Wilayah I,Helin Fauziah,Yayasan Putra Riau Membangun,Kota Pekanbaru Sukajadi Pulau Karomah Jl. Teratai No. 3   RIAU
SPPG  Rokan Hilir Rimba Melintang Langgadai Hulu,Jl. Poros Blok B,11-08-2025,RIAU,Wilayah I,Maysarah,,Rokan Hilir Rimba Melintang Langgadai Hulu Jl. Poros Blok B RIAU
SPPG Pasangkayu Baras Kasano,Jl. Poros Baras Palu,18-08-2025,SULAWESI BARAT,Wilayah III,Salmi,,Pasangkayu Baras Kasano Jl. Poros Baras Palu SULAWESI BARAT
SPPG Maros Lau Bonto Marannu,Jl. Poros Tambua,10-06-2025,SULAWESI SELATAN,Wilayah III,"Muhammad Adha Fadhillah,S.Pd",Yayasan Pesantren Mandiri Makassar,Maros Lau Bonto Marannu Jl. Poros Tambua SULAWESI SELATAN
SPPG Pinrang Duampanua Lampa,Jl. Padang Dongo,11-08-2025,SULAWESI SELATAN,Wilayah III,Awaluddin Syamsari ,,Pinrang Duampanua Lampa Jl. Padang Dongo SULAWESI SELATAN
SPPG Kota Makassar Tallo Pannampu 2,Jl. Lembo No. 77,25-08-2025,SULAWESI SELATAN,Wilayah III,Muhammad Fajar,,Kota Makassar Tallo Pannampu 2 Jl. Lembo No. 77 SULAWESI SELATAN
SPPG Sinjai Sinjai Timur Tongke-tongke,"BTN Lappa Mas 1, Blok E.49",27-09-2025,SULAWESI SELATAN,Wilayah III,Gustiawan,,"Sinjai Sinjai Timur Tongke-tongke BTN Lappa Mas 1, Blok E.49 SULAWESI SELATAN"
SPPG Kota Bau Bau Lea-Lea Lowu-Lowu,JL. Poros Lowu-Lowu,20-08-2025,SULAWESI TENGGARA,Wilayah III,Muh. Abil Saputra. S,,Kota Bau Bau Lea-Lea Lowu-Lowu JL. Poros Lowu-Lowu SULAWESI TENGGARA
SPPG Kota Palembang Ilir Timur Dua Sungaibuah 2,Jalan Dahri Sembayu Nomor 1601,23-08-2025,SUMATERA SELATAN,Wilayah I,Berilian Makky,,Kota Palembang Ilir Timur Dua Sungaibuah 2 Jalan Dahri Sembayu Nomor 1601 SUMATERA SELATAN
